0.00, 100.00, 100.00
0.00, 99.97, 99.97
0.01, 99.92, 99.92
0.01, 99.88, 99.88
0.01, 99.84, 99.84
0.01, 99.81, 99.81
0.02, 99.81, 99.81
0.02, 99.79, 99.79
0.02, 99.77, 99.77
0.02, 99.74, 99.74
0.03, 99.72, 99.72
0.03, 99.69, 99.69
0.03, 99.69, 99.69
0.04, 99.67, 99.67
0.04, 99.63, 99.63
0.04, 99.62, 99.62
0.04, 99.61, 99.61
0.05, 99.59, 99.59
0.05, 99.54, 99.54
0.05, 99.52, 99.52
0.05, 99.48, 99.48
0.06, 99.47, 99.47
0.06, 99.45, 99.45
0.06, 99.45, 99.45
0.07, 99.42, 99.42
0.07, 99.40, 99.40
0.07, 99.40, 99.40
0.07, 99.36, 99.36
0.08, 99.36, 99.36
0.08, 99.35, 99.35
0.08, 99.32, 99.32
0.08, 99.31, 99.31
0.09, 99.28, 99.28
0.09, 99.27, 99.27
0.09, 99.26, 99.26
0.10, 99.25, 99.25
0.10, 99.25, 99.25
0.10, 99.23, 99.23
0.10, 99.23, 99.23
0.11, 99.20, 99.20
0.11, 99.16, 99.16
0.11, 99.15, 99.15
0.12, 99.14, 99.14
0.12, 99.12, 99.12
0.12, 99.12, 99.12
0.12, 99.10, 99.10
0.13, 99.10, 99.10
0.13, 99.09, 99.09
0.13, 99.07, 99.07
0.13, 99.05, 99.05
0.14, 99.05, 99.05
0.14, 99.05, 99.05
0.14, 99.05, 99.05
0.15, 99.05, 99.05
0.15, 99.03, 99.03
0.15, 99.01, 99.01
0.15, 99.00, 99.00
0.16, 98.98, 98.98
0.16, 98.96, 98.96
0.16, 98.95, 98.95
0.16, 98.93, 98.93
0.17, 98.91, 98.91
0.17, 98.90, 98.90
0.17, 98.88, 98.88
0.18, 98.88, 98.88
0.18, 98.88, 98.88
0.18, 98.88, 98.88
0.18, 98.87, 98.87
0.19, 98.87, 98.87
0.19, 98.85, 98.85
0.19, 98.84, 98.84
0.19, 98.84, 98.84
0.20, 98.83, 98.83
0.20, 98.83, 98.83
0.20, 98.83, 98.83
0.21, 98.80, 98.80
0.21, 98.79, 98.79
0.21, 98.79, 98.79
0.21, 98.77, 98.77
0.22, 98.75, 98.75
0.22, 98.73, 98.73
0.22, 98.71, 98.71
0.22, 98.70, 98.70
0.23, 98.68, 98.68
0.23, 98.68, 98.68
0.23, 98.68, 98.68
0.24, 98.67, 98.67
0.24, 98.67, 98.67
0.24, 98.65, 98.65
0.24, 98.63, 98.63
0.25, 98.63, 98.63
0.25, 98.60, 98.60
0.25, 98.58, 98.58
0.25, 98.57, 98.57
0.26, 98.57, 98.57
0.26, 98.56, 98.56
0.26, 98.55, 98.55
0.27, 98.55, 98.55
0.27, 98.53, 98.53
0.27, 98.51, 98.51
0.27, 98.51, 98.51
0.28, 98.50, 98.50
0.28, 98.49, 98.49
0.28, 98.48, 98.48
0.28, 98.48, 98.48
0.29, 98.48, 98.48
0.29, 98.46, 98.46
0.29, 98.46, 98.46
0.30, 98.46, 98.46
0.30, 98.46, 98.46
0.30, 98.46, 98.46
0.30, 98.44, 98.44
0.31, 98.43, 98.43
0.31, 98.42, 98.42
0.31, 98.42, 98.42
0.32, 98.42, 98.42
0.32, 98.39, 98.39
0.32, 98.36, 98.36
0.32, 98.36, 98.36
0.33, 98.36, 98.36
0.33, 98.36, 98.36
0.33, 98.31, 98.31
0.33, 98.31, 98.31
0.34, 98.30, 98.30
0.34, 98.30, 98.30
0.34, 98.29, 98.29
0.35, 98.29, 98.29
0.35, 98.29, 98.29
0.35, 98.29, 98.29
0.35, 98.27, 98.27
0.36, 98.26, 98.26
0.36, 98.26, 98.26
0.36, 98.24, 98.24
0.36, 98.24, 98.24
0.37, 98.23, 98.23
0.37, 98.22, 98.22
0.37, 98.22, 98.22
0.38, 98.21, 98.21
0.38, 98.20, 98.20
0.38, 98.19, 98.19
0.38, 98.18, 98.18
0.39, 98.16, 98.16
0.39, 98.15, 98.15
0.39, 98.15, 98.15
0.39, 98.14, 98.14
0.40, 98.14, 98.14
0.40, 98.14, 98.14
0.40, 98.12, 98.12
0.41, 98.09, 98.09
0.41, 98.08, 98.08
0.41, 98.06, 98.06
0.41, 98.05, 98.05
0.42, 98.05, 98.05
0.42, 98.05, 98.05
0.42, 98.05, 98.05
0.42, 98.04, 98.04
0.43, 98.02, 98.02
0.43, 98.00, 98.00
0.43, 98.00, 98.00
0.44, 97.99, 97.99
0.44, 97.97, 97.97
0.44, 97.95, 97.95
0.44, 97.94, 97.94
0.45, 97.93, 97.93
0.45, 97.92, 97.92
0.45, 97.92, 97.92
0.45, 97.90, 97.90
0.46, 97.89, 97.89
0.46, 97.88, 97.88
0.46, 97.88, 97.88
0.47, 97.86, 97.86
0.47, 97.85, 97.85
0.47, 97.83, 97.83
0.47, 97.82, 97.82
0.48, 97.82, 97.82
0.48, 97.81, 97.81
0.48, 97.80, 97.80
0.48, 97.79, 97.79
0.49, 97.79, 97.79
0.49, 97.79, 97.79
0.49, 97.78, 97.78
0.50, 97.78, 97.78
0.50, 97.77, 97.77
0.50, 97.75, 97.75
0.50, 97.71, 97.71
0.51, 97.70, 97.70
0.51, 97.67, 97.67
0.51, 97.65, 97.65
0.52, 97.65, 97.65
0.52, 97.62, 97.62
0.52, 97.60, 97.60
0.52, 97.59, 97.59
0.53, 97.58, 97.58
0.53, 97.58, 97.58
0.53, 97.55, 97.55
0.53, 97.53, 97.53
0.54, 97.52, 97.52
0.54, 97.51, 97.51
0.54, 97.50, 97.50
0.55, 97.48, 97.48
0.55, 97.48, 97.48
0.55, 97.47, 97.47
0.55, 97.45, 97.45
0.56, 97.45, 97.45
0.56, 97.45, 97.45
0.56, 97.43, 97.43
0.56, 97.42, 97.42
0.57, 97.41, 97.41
0.57, 97.41, 97.41
0.57, 97.40, 97.40
0.58, 97.40, 97.40
0.58, 97.39, 97.39
0.58, 97.39, 97.39
0.58, 97.39, 97.39
0.59, 97.38, 97.38
0.59, 97.37, 97.37
0.59, 97.36, 97.36
0.59, 97.36, 97.36
0.60, 97.33, 97.33
0.60, 97.32, 97.32
0.60, 97.31, 97.31
0.61, 97.31, 97.31
0.61, 97.30, 97.30
0.61, 97.29, 97.29
0.61, 97.28, 97.28
0.62, 97.27, 97.27
0.62, 97.25, 97.25
0.62, 97.23, 97.23
0.62, 97.21, 97.21
0.63, 97.20, 97.20
0.63, 97.20, 97.20
0.63, 97.20, 97.20
0.64, 97.18, 97.18
0.64, 97.18, 97.18
0.64, 97.18, 97.18
0.64, 97.18, 97.18
0.65, 97.15, 97.15
0.65, 97.14, 97.14
0.65, 97.13, 97.13
0.65, 97.11, 97.11
0.66, 97.11, 97.11
0.66, 97.10, 97.10
0.66, 97.09, 97.09
0.67, 97.08, 97.08
0.67, 97.08, 97.08
0.67, 97.08, 97.08
0.67, 97.06, 97.06
0.68, 97.05, 97.05
0.68, 97.04, 97.04
0.68, 97.03, 97.03
0.68, 97.03, 97.03
0.69, 97.01, 97.01
0.69, 97.01, 97.01
0.69, 97.00, 97.00
0.70, 96.98, 96.98
0.70, 96.98, 96.98
0.70, 96.97, 96.97
0.70, 96.96, 96.96
0.71, 96.96, 96.96
0.71, 96.95, 96.95
0.71, 96.94, 96.94
0.72, 96.93, 96.93
0.72, 96.93, 96.93
0.72, 96.92, 96.92
0.72, 96.91, 96.91
0.73, 96.91, 96.91
0.73, 96.90, 96.90
0.73, 96.90, 96.90
0.73, 96.88, 96.88
0.74, 96.87, 96.87
0.74, 96.87, 96.87
0.74, 96.85, 96.85
0.75, 96.82, 96.82
0.75, 96.81, 96.81
0.75, 96.80, 96.80
0.75, 96.79, 96.79
0.76, 96.78, 96.78
0.76, 96.78, 96.78
0.76, 96.76, 96.76
0.76, 96.74, 96.74
0.77, 96.73, 96.73
0.77, 96.73, 96.73
0.77, 96.71, 96.71
0.78, 96.69, 96.69
0.78, 96.67, 96.67
0.78, 96.67, 96.67
0.78, 96.66, 96.66
0.79, 96.66, 96.66
0.79, 96.65, 96.65
0.79, 96.63, 96.63
0.79, 96.62, 96.62
0.80, 96.61, 96.61
0.80, 96.60, 96.60
0.80, 96.58, 96.58
0.81, 96.58, 96.58
0.81, 96.56, 96.56
0.81, 96.54, 96.54
0.81, 96.52, 96.52
0.82, 96.51, 96.51
0.82, 96.51, 96.51
0.82, 96.49, 96.49
0.82, 96.48, 96.48
0.83, 96.47, 96.47
0.83, 96.45, 96.45
0.83, 96.45, 96.45
0.84, 96.45, 96.45
0.84, 96.45, 96.45
0.84, 96.45, 96.45
0.84, 96.44, 96.44
0.85, 96.44, 96.44
0.85, 96.43, 96.43
0.85, 96.41, 96.41
0.85, 96.41, 96.41
0.86, 96.39, 96.39
0.86, 96.39, 96.39
0.86, 96.39, 96.39
0.87, 96.36, 96.36
0.87, 96.35, 96.35
0.87, 96.33, 96.33
0.87, 96.33, 96.33
0.88, 96.31, 96.31
0.88, 96.30, 96.30
0.88, 96.30, 96.30
0.88, 96.29, 96.29
0.89, 96.29, 96.29
0.89, 96.28, 96.28
0.89, 96.28, 96.28
0.90, 96.28, 96.28
0.90, 96.26, 96.26
0.90, 96.26, 96.26
0.90, 96.26, 96.26
0.91, 96.26, 96.26
0.91, 96.24, 96.24
0.91, 96.24, 96.24
0.92, 96.23, 96.23
0.92, 96.22, 96.22
0.92, 96.20, 96.20
0.92, 96.19, 96.19
0.93, 96.17, 96.17
0.93, 96.17, 96.17
0.93, 96.17, 96.17
0.93, 96.16, 96.16
0.94, 96.14, 96.14
0.94, 96.13, 96.13
0.94, 96.12, 96.12
0.95, 96.12, 96.12
0.95, 96.11, 96.11
0.95, 96.11, 96.11
0.95, 96.09, 96.09
0.96, 96.09, 96.09
0.96, 96.09, 96.09
0.96, 96.09, 96.09
0.96, 96.08, 96.08
0.97, 96.08, 96.08
0.97, 96.06, 96.06
0.97, 96.04, 96.04
0.98, 96.04, 96.04
0.98, 96.04, 96.04
0.98, 96.03, 96.03
0.98, 96.01, 96.01
0.99, 95.98, 95.98
0.99, 95.98, 95.98
0.99, 95.98, 95.98
0.99, 95.98, 95.98
1.00, 95.97, 95.97
1.00, 95.94, 95.94
1.00, 95.92, 95.92
1.01, 95.91, 95.91
1.01, 95.90, 95.90
1.01, 95.89, 95.89
1.01, 95.86, 95.86
1.02, 95.85, 95.85
1.02, 95.85, 95.85
1.02, 95.83, 95.83
1.02, 95.83, 95.83
1.03, 95.82, 95.82
1.03, 95.82, 95.82
1.03, 95.80, 95.80
1.04, 95.80, 95.80
1.04, 95.79, 95.79
1.04, 95.77, 95.77
1.04, 95.75, 95.75
1.05, 95.74, 95.74
1.05, 95.71, 95.71
1.05, 95.70, 95.70
1.05, 95.68, 95.68
1.06, 95.65, 95.65
1.06, 95.65, 95.65
1.06, 95.63, 95.63
1.07, 95.62, 95.62
1.07, 95.62, 95.62
1.07, 95.60, 95.60
1.07, 95.60, 95.60
1.08, 95.59, 95.59
1.08, 95.57, 95.57
1.08, 95.57, 95.57
1.08, 95.57, 95.57
1.09, 95.56, 95.56
1.09, 95.56, 95.56
1.09, 95.56, 95.56
1.10, 95.55, 95.55
1.10, 95.55, 95.55
1.10, 95.55, 95.55
1.10, 95.55, 95.55
1.11, 95.54, 95.54
1.11, 95.54, 95.54
1.11, 95.53, 95.53
1.12, 95.52, 95.52
1.12, 95.52, 95.52
1.12, 95.50, 95.50
1.12, 95.49, 95.49
1.13, 95.48, 95.48
1.13, 95.46, 95.46
1.13, 95.44, 95.44
1.13, 95.43, 95.43
1.14, 95.43, 95.43
1.14, 95.43, 95.43
1.14, 95.42, 95.42
1.15, 95.40, 95.40
1.15, 95.40, 95.40
1.15, 95.39, 95.39
1.15, 95.39, 95.39
1.16, 95.39, 95.39
1.16, 95.38, 95.38
1.16, 95.37, 95.37
1.16, 95.36, 95.36
1.17, 95.35, 95.35
1.17, 95.33, 95.33
1.17, 95.31, 95.31
1.18, 95.31, 95.31
1.18, 95.30, 95.30
1.18, 95.30, 95.30
1.18, 95.29, 95.29
1.19, 95.27, 95.27
1.19, 95.25, 95.25
1.19, 95.25, 95.25
1.19, 95.23, 95.23
1.20, 95.22, 95.22
1.20, 95.21, 95.21
1.20, 95.20, 95.20
1.21, 95.19, 95.19
1.21, 95.18, 95.18
1.21, 95.18, 95.18
1.21, 95.18, 95.18
1.22, 95.17, 95.17
1.22, 95.16, 95.16
1.22, 95.16, 95.16
1.22, 95.16, 95.16
1.23, 95.13, 95.13
1.23, 95.10, 95.10
1.23, 95.09, 95.09
1.24, 95.08, 95.08
1.24, 95.08, 95.08
1.24, 95.06, 95.06
1.24, 95.03, 95.03
1.25, 95.03, 95.03
1.25, 95.00, 95.00
1.25, 95.00, 95.00
1.25, 95.00, 95.00
1.26, 95.00, 95.00
1.26, 94.98, 94.98
1.26, 94.96, 94.96
1.27, 94.96, 94.96
1.27, 94.96, 94.96
1.27, 94.95, 94.95
1.27, 94.95, 94.95
1.28, 94.94, 94.94
1.28, 94.91, 94.91
1.28, 94.91, 94.91
1.28, 94.89, 94.89
1.29, 94.88, 94.88
1.29, 94.87, 94.87
1.29, 94.86, 94.86
1.30, 94.83, 94.83
1.30, 94.83, 94.83
1.30, 94.82, 94.82
1.30, 94.81, 94.81
1.31, 94.81, 94.81
1.31, 94.80, 94.80
1.31, 94.79, 94.79
1.32, 94.77, 94.77
1.32, 94.76, 94.76
1.32, 94.75, 94.75
1.32, 94.74, 94.74
1.33, 94.72, 94.72
1.33, 94.71, 94.71
1.33, 94.69, 94.69
1.33, 94.69, 94.69
1.34, 94.68, 94.68
1.34, 94.67, 94.67
1.34, 94.66, 94.66
1.35, 94.64, 94.64
1.35, 94.62, 94.62
1.35, 94.61, 94.61
1.35, 94.60, 94.60
1.36, 94.58, 94.58
1.36, 94.57, 94.57
1.36, 94.56, 94.56
1.36, 94.56, 94.56
1.37, 94.55, 94.55
1.37, 94.55, 94.55
1.37, 94.54, 94.54
1.38, 94.54, 94.54
1.38, 94.53, 94.53
1.38, 94.52, 94.52
1.38, 94.51, 94.51
1.39, 94.51, 94.51
1.39, 94.49, 94.49
1.39, 94.48, 94.48
1.39, 94.47, 94.47
1.40, 94.46, 94.46
1.40, 94.46, 94.46
1.40, 94.45, 94.45
1.41, 94.45, 94.45
1.41, 94.45, 94.45
1.41, 94.44, 94.44
1.41, 94.43, 94.43
1.42, 94.42, 94.42
1.42, 94.40, 94.40
1.42, 94.40, 94.40
1.42, 94.39, 94.39
1.43, 94.38, 94.38
1.43, 94.37, 94.37
1.43, 94.34, 94.34
1.44, 94.34, 94.34
1.44, 94.34, 94.34
1.44, 94.33, 94.33
1.44, 94.32, 94.32
1.45, 94.31, 94.31
1.45, 94.31, 94.31
1.45, 94.31, 94.31
1.45, 94.30, 94.30
1.46, 94.29, 94.29
1.46, 94.29, 94.29
1.46, 94.29, 94.29
1.47, 94.28, 94.28
1.47, 94.27, 94.27
1.47, 94.24, 94.24
1.47, 94.24, 94.24
1.48, 94.24, 94.24
1.48, 94.21, 94.21
1.48, 94.19, 94.19
1.48, 94.19, 94.19
1.49, 94.17, 94.17
1.49, 94.17, 94.17
1.49, 94.16, 94.16
1.50, 94.16, 94.16
1.50, 94.16, 94.16
1.50, 94.15, 94.15
1.50, 94.14, 94.14
1.51, 94.13, 94.13
1.51, 94.12, 94.12
1.51, 94.11, 94.11
1.52, 94.10, 94.10
1.52, 94.10, 94.10
1.52, 94.07, 94.07
1.52, 94.06, 94.06
1.53, 94.02, 94.02
1.53, 94.01, 94.01
1.53, 94.00, 94.00
1.53, 93.99, 93.99
1.54, 93.98, 93.98
1.54, 93.97, 93.97
1.54, 93.96, 93.96
1.55, 93.96, 93.96
1.55, 93.92, 93.92
1.55, 93.91, 93.91
1.55, 93.91, 93.91
1.56, 93.90, 93.90
1.56, 93.89, 93.89
1.56, 93.88, 93.88
1.56, 93.87, 93.87
1.57, 93.87, 93.87
1.57, 93.85, 93.85
1.57, 93.85, 93.85
1.58, 93.82, 93.82
1.58, 93.82, 93.82
1.58, 93.82, 93.82
1.58, 93.80, 93.80
1.59, 93.79, 93.79
1.59, 93.77, 93.77
1.59, 93.77, 93.77
1.59, 93.76, 93.76
1.60, 93.76, 93.76
1.60, 93.76, 93.76
1.60, 93.74, 93.74
1.61, 93.73, 93.73
1.61, 93.71, 93.71
1.61, 93.70, 93.70
1.61, 93.70, 93.70
1.62, 93.70, 93.70
1.62, 93.70, 93.70
1.62, 93.69, 93.69
1.62, 93.69, 93.69
1.63, 93.68, 93.68
1.63, 93.67, 93.67
1.63, 93.65, 93.65
1.64, 93.65, 93.65
1.64, 93.64, 93.64
1.64, 93.63, 93.63
1.64, 93.63, 93.63
1.65, 93.62, 93.62
1.65, 93.61, 93.61
1.65, 93.60, 93.60
1.65, 93.59, 93.59
1.66, 93.59, 93.59
1.66, 93.59, 93.59
1.66, 93.57, 93.57
1.67, 93.55, 93.55
1.67, 93.53, 93.53
1.67, 93.53, 93.53
1.67, 93.52, 93.52
1.68, 93.50, 93.50
1.68, 93.48, 93.48
1.68, 93.48, 93.48
1.68, 93.47, 93.47
1.69, 93.46, 93.46
1.69, 93.45, 93.45
1.69, 93.45, 93.45
1.70, 93.44, 93.44
1.70, 93.43, 93.43
1.70, 93.43, 93.43
1.70, 93.40, 93.40
1.71, 93.38, 93.38
1.71, 93.38, 93.38
1.71, 93.37, 93.37
1.72, 93.36, 93.36
1.72, 93.36, 93.36
1.72, 93.34, 93.34
1.72, 93.33, 93.33
1.73, 93.32, 93.32
1.73, 93.31, 93.31
1.73, 93.29, 93.29
1.73, 93.28, 93.28
1.74, 93.27, 93.27
1.74, 93.24, 93.24
1.74, 93.24, 93.24
1.75, 93.24, 93.24
1.75, 93.23, 93.23
1.75, 93.23, 93.23
1.75, 93.23, 93.23
1.76, 93.23, 93.23
1.76, 93.23, 93.23
1.76, 93.23, 93.23
1.76, 93.23, 93.23
1.77, 93.23, 93.23
1.77, 93.22, 93.22
1.77, 93.21, 93.21
1.78, 93.21, 93.21
1.78, 93.21, 93.21
1.78, 93.20, 93.20
1.78, 93.19, 93.19
1.79, 93.18, 93.18
1.79, 93.16, 93.16
1.79, 93.16, 93.16
1.79, 93.15, 93.15
1.80, 93.13, 93.13
1.80, 93.13, 93.13
1.80, 93.13, 93.13
1.81, 93.12, 93.12
1.81, 93.11, 93.11
1.81, 93.10, 93.10
1.81, 93.08, 93.08
1.82, 93.08, 93.08
1.82, 93.08, 93.08
1.82, 93.08, 93.08
1.82, 93.07, 93.07
1.83, 93.07, 93.07
1.83, 93.06, 93.06
1.83, 93.06, 93.06
1.84, 93.06, 93.06
1.84, 93.05, 93.05
1.84, 93.05, 93.05
1.84, 93.05, 93.05
1.85, 93.04, 93.04
1.85, 93.04, 93.04
1.85, 93.03, 93.03
1.85, 93.02, 93.02
1.86, 92.99, 92.99
1.86, 92.98, 92.98
1.86, 92.96, 92.96
1.87, 92.96, 92.96
1.87, 92.95, 92.95
1.87, 92.95, 92.95
1.87, 92.93, 92.93
1.88, 92.93, 92.93
1.88, 92.90, 92.90
1.88, 92.90, 92.90
1.88, 92.89, 92.89
1.89, 92.89, 92.89
1.89, 92.89, 92.89
1.89, 92.89, 92.89
1.90, 92.88, 92.88
1.90, 92.88, 92.88
1.90, 92.87, 92.87
1.90, 92.86, 92.86
1.91, 92.83, 92.83
1.91, 92.82, 92.82
1.91, 92.81, 92.81
1.92, 92.80, 92.80
1.92, 92.80, 92.80
1.92, 92.80, 92.80
1.92, 92.79, 92.79
1.93, 92.77, 92.77
1.93, 92.74, 92.74
1.93, 92.72, 92.72
1.93, 92.69, 92.69
1.94, 92.69, 92.69
1.94, 92.69, 92.69
1.94, 92.69, 92.69
1.95, 92.67, 92.67
1.95, 92.67, 92.67
1.95, 92.66, 92.66
1.95, 92.66, 92.66
1.96, 92.64, 92.64
1.96, 92.64, 92.64
1.96, 92.64, 92.64
1.96, 92.62, 92.62
1.97, 92.60, 92.60
1.97, 92.60, 92.60
1.97, 92.59, 92.59
1.98, 92.59, 92.59
1.98, 92.59, 92.59
1.98, 92.57, 92.57
1.98, 92.56, 92.56
1.99, 92.56, 92.56
1.99, 92.56, 92.56
1.99, 92.55, 92.55
1.99, 92.55, 92.55
2.00, 92.50, 92.50
2.00, 92.49, 92.49
2.00, 92.49, 92.49
2.01, 92.48, 92.48
2.01, 92.45, 92.45
2.01, 92.44, 92.44
2.01, 92.42, 92.42
2.02, 92.41, 92.41
2.02, 92.39, 92.39
2.02, 92.38, 92.38
2.02, 92.37, 92.37
2.03, 92.37, 92.37
2.03, 92.35, 92.35
2.03, 92.35, 92.35
2.04, 92.34, 92.34
2.04, 92.33, 92.33
2.04, 92.31, 92.31
2.04, 92.29, 92.29
2.05, 92.29, 92.29
2.05, 92.28, 92.28
2.05, 92.27, 92.27
2.05, 92.26, 92.26
2.06, 92.25, 92.25
2.06, 92.25, 92.25
2.06, 92.23, 92.23
2.07, 92.22, 92.22
2.07, 92.22, 92.22
2.07, 92.22, 92.22
2.07, 92.22, 92.22
2.08, 92.21, 92.21
2.08, 92.19, 92.19
2.08, 92.19, 92.19
2.08, 92.18, 92.18
2.09, 92.17, 92.17
2.09, 92.16, 92.16
2.09, 92.16, 92.16
2.10, 92.15, 92.15
2.10, 92.14, 92.14
2.10, 92.13, 92.13
2.10, 92.13, 92.13
2.11, 92.10, 92.10
2.11, 92.09, 92.09
2.11, 92.07, 92.07
2.12, 92.06, 92.06
2.12, 92.06, 92.06
2.12, 92.05, 92.05
2.12, 92.03, 92.03
2.13, 92.02, 92.02
2.13, 92.02, 92.02
2.13, 92.00, 92.00
2.13, 92.00, 92.00
2.14, 91.97, 91.97
2.14, 91.96, 91.96
2.14, 91.95, 91.95
2.15, 91.93, 91.93
2.15, 91.93, 91.93
2.15, 91.92, 91.92
2.15, 91.91, 91.91
2.16, 91.90, 91.90
2.16, 91.89, 91.89
2.16, 91.88, 91.88
2.16, 91.86, 91.86
2.17, 91.86, 91.86
2.17, 91.85, 91.85
2.17, 91.85, 91.85
2.18, 91.83, 91.83
2.18, 91.83, 91.83
2.18, 91.82, 91.82
2.18, 91.80, 91.80
2.19, 91.78, 91.78
2.19, 91.78, 91.78
2.19, 91.76, 91.76
2.19, 91.75, 91.75
2.20, 91.75, 91.75
2.20, 91.71, 91.71
2.20, 91.71, 91.71
2.21, 91.70, 91.70
2.21, 91.69, 91.69
2.21, 91.67, 91.67
2.21, 91.66, 91.66
2.22, 91.64, 91.64
2.22, 91.61, 91.61
2.22, 91.61, 91.61
2.22, 91.61, 91.61
2.23, 91.61, 91.61
2.23, 91.61, 91.61
2.23, 91.58, 91.58
2.24, 91.57, 91.57
2.24, 91.56, 91.56
2.24, 91.56, 91.56
2.24, 91.55, 91.55
2.25, 91.52, 91.52
2.25, 91.51, 91.51
2.25, 91.49, 91.49
2.25, 91.48, 91.48
2.26, 91.45, 91.45
2.26, 91.43, 91.43
2.26, 91.43, 91.43
2.27, 91.43, 91.43
2.27, 91.43, 91.43
2.27, 91.42, 91.42
2.27, 91.41, 91.41
2.28, 91.41, 91.41
2.28, 91.39, 91.39
2.28, 91.38, 91.38
2.28, 91.37, 91.37
2.29, 91.36, 91.36
2.29, 91.36, 91.36
2.29, 91.36, 91.36
2.30, 91.34, 91.34
2.30, 91.32, 91.32
2.30, 91.31, 91.31
2.30, 91.30, 91.30
2.31, 91.29, 91.29
2.31, 91.28, 91.28
2.31, 91.27, 91.27
2.32, 91.26, 91.26
2.32, 91.26, 91.26
2.32, 91.26, 91.26
2.32, 91.24, 91.24
2.33, 91.23, 91.23
2.33, 91.21, 91.21
2.33, 91.20, 91.20
2.33, 91.19, 91.19
2.34, 91.19, 91.19
2.34, 91.19, 91.19
2.34, 91.18, 91.18
2.35, 91.17, 91.17
2.35, 91.15, 91.15
2.35, 91.14, 91.14
2.35, 91.11, 91.11
2.36, 91.09, 91.09
2.36, 91.09, 91.09
2.36, 91.08, 91.08
2.36, 91.07, 91.07
2.37, 91.06, 91.06
2.37, 91.06, 91.06
2.37, 91.05, 91.05
2.38, 91.02, 91.02
2.38, 91.01, 91.01
2.38, 91.00, 91.00
2.38, 90.99, 90.99
2.39, 90.99, 90.99
2.39, 90.97, 90.97
2.39, 90.96, 90.96
2.39, 90.96, 90.96
2.40, 90.95, 90.95
2.40, 90.93, 90.93
2.40, 90.92, 90.92
2.41, 90.91, 90.91
2.41, 90.90, 90.90
2.41, 90.89, 90.89
2.41, 90.89, 90.89
2.42, 90.88, 90.88
2.42, 90.87, 90.87
2.42, 90.87, 90.87
2.42, 90.87, 90.87
2.43, 90.87, 90.87
2.43, 90.84, 90.84
2.43, 90.84, 90.84
2.44, 90.82, 90.82
2.44, 90.82, 90.82
2.44, 90.82, 90.82
2.44, 90.82, 90.82
2.45, 90.81, 90.81
2.45, 90.79, 90.79
2.45, 90.77, 90.77
2.45, 90.77, 90.77
2.46, 90.77, 90.77
2.46, 90.76, 90.76
2.46, 90.74, 90.74
2.47, 90.73, 90.73
2.47, 90.73, 90.73
2.47, 90.72, 90.72
2.47, 90.70, 90.70
2.48, 90.69, 90.69
2.48, 90.68, 90.68
2.48, 90.68, 90.68
2.48, 90.67, 90.67
2.49, 90.66, 90.66
2.49, 90.64, 90.64
2.49, 90.64, 90.64
2.50, 90.63, 90.63
2.50, 90.62, 90.62
2.50, 90.62, 90.62
2.50, 90.61, 90.61
2.51, 90.61, 90.61
2.51, 90.61, 90.61
2.51, 90.61, 90.61
2.52, 90.59, 90.59
2.52, 90.55, 90.55
2.52, 90.55, 90.55
2.52, 90.54, 90.54
2.53, 90.53, 90.53
2.53, 90.52, 90.52
2.53, 90.50, 90.50
2.53, 90.50, 90.50
2.54, 90.49, 90.49
2.54, 90.48, 90.48
2.54, 90.47, 90.47
2.55, 90.47, 90.47
2.55, 90.45, 90.45
2.55, 90.45, 90.45
2.55, 90.45, 90.45
2.56, 90.43, 90.43
2.56, 90.41, 90.41
2.56, 90.41, 90.41
2.56, 90.41, 90.41
2.57, 90.40, 90.40
2.57, 90.38, 90.38
2.57, 90.37, 90.37
2.58, 90.35, 90.35
2.58, 90.32, 90.32
2.58, 90.31, 90.31
2.58, 90.30, 90.30
2.59, 90.29, 90.29
2.59, 90.27, 90.27
2.59, 90.27, 90.27
2.59, 90.26, 90.26
2.60, 90.26, 90.26
2.60, 90.25, 90.25
2.60, 90.25, 90.25
2.61, 90.25, 90.25
2.61, 90.24, 90.24
2.61, 90.24, 90.24
2.61, 90.21, 90.21
2.62, 90.20, 90.20
2.62, 90.18, 90.18
2.62, 90.15, 90.15
2.62, 90.15, 90.15
2.63, 90.13, 90.13
2.63, 90.13, 90.13
2.63, 90.13, 90.13
2.64, 90.10, 90.10
2.64, 90.09, 90.09
2.64, 90.08, 90.08
2.64, 90.08, 90.08
2.65, 90.08, 90.08
2.65, 90.08, 90.08
2.65, 90.07, 90.07
2.65, 90.06, 90.06
2.66, 90.05, 90.05
2.66, 90.04, 90.04
2.66, 90.03, 90.03
2.67, 90.03, 90.03
2.67, 90.02, 90.02
2.67, 90.01, 90.01
2.67, 90.00, 90.00
2.68, 90.00, 90.00
2.68, 89.98, 89.98
2.68, 89.98, 89.98
2.68, 89.97, 89.97
2.69, 89.95, 89.95
2.69, 89.94, 89.94
2.69, 89.93, 89.93
2.70, 89.93, 89.93
2.70, 89.92, 89.92
2.70, 89.92, 89.92
2.70, 89.92, 89.92
2.71, 89.89, 89.89
2.71, 89.89, 89.89
2.71, 89.88, 89.88
2.72, 89.88, 89.88
2.72, 89.85, 89.85
2.72, 89.85, 89.85
2.72, 89.84, 89.84
2.73, 89.83, 89.83
2.73, 89.82, 89.82
2.73, 89.80, 89.80
2.73, 89.78, 89.78
2.74, 89.76, 89.76
2.74, 89.76, 89.76
2.74, 89.76, 89.76
2.75, 89.74, 89.74
2.75, 89.74, 89.74
2.75, 89.73, 89.73
2.75, 89.71, 89.71
2.76, 89.71, 89.71
2.76, 89.71, 89.71
2.76, 89.70, 89.70
2.76, 89.68, 89.68
2.77, 89.68, 89.68
2.77, 89.66, 89.66
2.77, 89.65, 89.65
2.78, 89.63, 89.63
2.78, 89.62, 89.62
2.78, 89.61, 89.61
2.78, 89.61, 89.61
2.79, 89.61, 89.61
2.79, 89.60, 89.60
2.79, 89.59, 89.59
2.79, 89.58, 89.58
2.80, 89.57, 89.57
2.80, 89.55, 89.55
2.80, 89.55, 89.55
2.81, 89.53, 89.53
2.81, 89.51, 89.51
2.81, 89.51, 89.51
2.81, 89.51, 89.51
2.82, 89.51, 89.51
2.82, 89.49, 89.49
2.82, 89.48, 89.48
2.82, 89.48, 89.48
2.83, 89.48, 89.48
2.83, 89.46, 89.46
2.83, 89.45, 89.45
2.84, 89.45, 89.45
2.84, 89.44, 89.44
2.84, 89.43, 89.43
2.84, 89.42, 89.42
2.85, 89.42, 89.42
2.85, 89.40, 89.40
2.85, 89.39, 89.39
2.85, 89.39, 89.39
2.86, 89.39, 89.39
2.86, 89.39, 89.39
2.86, 89.38, 89.38
2.87, 89.37, 89.37
2.87, 89.36, 89.36
2.87, 89.35, 89.35
2.87, 89.33, 89.33
2.88, 89.33, 89.33
2.88, 89.33, 89.33
2.88, 89.31, 89.31
2.88, 89.29, 89.29
2.89, 89.29, 89.29
2.89, 89.29, 89.29
2.89, 89.29, 89.29
2.90, 89.29, 89.29
2.90, 89.27, 89.27
2.90, 89.26, 89.26
2.90, 89.24, 89.24
2.91, 89.23, 89.23
2.91, 89.22, 89.22
2.91, 89.22, 89.22
2.92, 89.21, 89.21
2.92, 89.20, 89.20
2.92, 89.19, 89.19
2.92, 89.18, 89.18
2.93, 89.17, 89.17
2.93, 89.15, 89.15
2.93, 89.14, 89.14
2.93, 89.14, 89.14
2.94, 89.11, 89.11
2.94, 89.11, 89.11
2.94, 89.11, 89.11
2.95, 89.10, 89.10
2.95, 89.09, 89.09
2.95, 89.06, 89.06
2.95, 89.06, 89.06
2.96, 89.04, 89.04
2.96, 89.04, 89.04
2.96, 89.04, 89.04
2.96, 89.03, 89.03
2.97, 89.03, 89.03
2.97, 89.00, 89.00
2.97, 89.00, 89.00
2.98, 89.00, 89.00
2.98, 89.00, 89.00
2.98, 88.99, 88.99
2.98, 88.97, 88.97
2.99, 88.96, 88.96
2.99, 88.95, 88.95
2.99, 88.94, 88.94
2.99, 88.92, 88.92
3.00, 88.92, 88.92
3.00, 88.92, 88.92
3.00, 88.90, 88.90
3.01, 88.89, 88.89
3.01, 88.89, 88.89
3.01, 88.89, 88.89
3.01, 88.88, 88.88
3.02, 88.88, 88.88
3.02, 88.87, 88.87
3.02, 88.86, 88.86
3.02, 88.85, 88.85
3.03, 88.85, 88.85
3.03, 88.84, 88.84
3.03, 88.84, 88.84
3.04, 88.84, 88.84
3.04, 88.84, 88.84
3.04, 88.84, 88.84
3.04, 88.84, 88.84
3.05, 88.82, 88.82
3.05, 88.81, 88.81
3.05, 88.77, 88.77
3.05, 88.75, 88.75
3.06, 88.75, 88.75
3.06, 88.75, 88.75
3.06, 88.73, 88.73
3.07, 88.71, 88.71
3.07, 88.71, 88.71
3.07, 88.68, 88.68
3.07, 88.67, 88.67
3.08, 88.65, 88.65
3.08, 88.63, 88.63
3.08, 88.62, 88.62
3.08, 88.61, 88.61
3.09, 88.60, 88.60
3.09, 88.58, 88.58
3.09, 88.57, 88.57
3.10, 88.56, 88.56
3.10, 88.56, 88.56
3.10, 88.53, 88.53
3.10, 88.52, 88.52
3.11, 88.52, 88.52
3.11, 88.50, 88.50
3.11, 88.50, 88.50
3.12, 88.50, 88.50
3.12, 88.50, 88.50
3.12, 88.50, 88.50
3.12, 88.48, 88.48
3.13, 88.47, 88.47
3.13, 88.47, 88.47
3.13, 88.45, 88.45
3.13, 88.44, 88.44
3.14, 88.42, 88.42
3.14, 88.39, 88.39
3.14, 88.38, 88.38
3.15, 88.38, 88.38
3.15, 88.38, 88.38
3.15, 88.37, 88.37
3.15, 88.35, 88.35
3.16, 88.34, 88.34
3.16, 88.33, 88.33
3.16, 88.33, 88.33
3.16, 88.32, 88.32
3.17, 88.30, 88.30
3.17, 88.30, 88.30
3.17, 88.30, 88.30
3.18, 88.28, 88.28
3.18, 88.28, 88.28
3.18, 88.28, 88.28
3.18, 88.28, 88.28
3.19, 88.28, 88.28
3.19, 88.27, 88.27
3.19, 88.25, 88.25
3.19, 88.23, 88.23
3.20, 88.23, 88.23
3.20, 88.22, 88.22
3.20, 88.22, 88.22
3.21, 88.20, 88.20
3.21, 88.20, 88.20
3.21, 88.20, 88.20
3.21, 88.18, 88.18
3.22, 88.18, 88.18
3.22, 88.17, 88.17
3.22, 88.16, 88.16
3.22, 88.15, 88.15
3.23, 88.13, 88.13
3.23, 88.12, 88.12
3.23, 88.10, 88.10
3.24, 88.08, 88.08
3.24, 88.08, 88.08
3.24, 88.08, 88.08
3.24, 88.08, 88.08
3.25, 88.07, 88.07
3.25, 88.05, 88.05
3.25, 88.02, 88.02
3.25, 88.01, 88.01
3.26, 87.99, 87.99
3.26, 87.98, 87.98
3.26, 87.98, 87.98
3.27, 87.96, 87.96
3.27, 87.95, 87.95
3.27, 87.93, 87.93
3.27, 87.93, 87.93
3.28, 87.92, 87.92
3.28, 87.91, 87.91
3.28, 87.91, 87.91
3.28, 87.90, 87.90
3.29, 87.89, 87.89
3.29, 87.88, 87.88
3.29, 87.86, 87.86
3.30, 87.86, 87.86
3.30, 87.86, 87.86
3.30, 87.83, 87.83
3.30, 87.82, 87.82
3.31, 87.82, 87.82
3.31, 87.82, 87.82
3.31, 87.81, 87.81
3.32, 87.79, 87.79
3.32, 87.79, 87.79
3.32, 87.79, 87.79
3.32, 87.79, 87.79
3.33, 87.78, 87.78
3.33, 87.77, 87.77
3.33, 87.76, 87.76
3.33, 87.73, 87.73
3.34, 87.73, 87.73
3.34, 87.73, 87.73
3.34, 87.72, 87.72
3.35, 87.70, 87.70
3.35, 87.70, 87.70
3.35, 87.69, 87.69
3.35, 87.68, 87.68
3.36, 87.68, 87.68
3.36, 87.68, 87.68
3.36, 87.66, 87.66
3.36, 87.65, 87.65
3.37, 87.65, 87.65
3.37, 87.64, 87.64
3.37, 87.64, 87.64
3.38, 87.64, 87.64
3.38, 87.64, 87.64
3.38, 87.63, 87.63
3.38, 87.63, 87.63
3.39, 87.62, 87.62
3.39, 87.62, 87.62
3.39, 87.61, 87.61
3.39, 87.61, 87.61
3.40, 87.61, 87.61
3.40, 87.60, 87.60
3.40, 87.60, 87.60
3.41, 87.59, 87.59
3.41, 87.59, 87.59
3.41, 87.59, 87.59
3.41, 87.59, 87.59
3.42, 87.58, 87.58
3.42, 87.57, 87.57
3.42, 87.56, 87.56
3.42, 87.54, 87.54
3.43, 87.53, 87.53
3.43, 87.53, 87.53
3.43, 87.52, 87.52
3.44, 87.51, 87.51
3.44, 87.51, 87.51
3.44, 87.50, 87.50
3.44, 87.50, 87.50
3.45, 87.50, 87.50
3.45, 87.50, 87.50
3.45, 87.48, 87.48
3.45, 87.48, 87.48
3.46, 87.48, 87.48
3.46, 87.48, 87.48
3.46, 87.47, 87.47
3.47, 87.46, 87.46
3.47, 87.46, 87.46
3.47, 87.44, 87.44
3.47, 87.42, 87.42
3.48, 87.41, 87.41
3.48, 87.41, 87.41
3.48, 87.39, 87.39
3.48, 87.39, 87.39
3.49, 87.36, 87.36
3.49, 87.36, 87.36
3.49, 87.36, 87.36
3.50, 87.35, 87.35
3.50, 87.35, 87.35
3.50, 87.35, 87.35
3.50, 87.35, 87.35
3.51, 87.35, 87.35
3.51, 87.35, 87.35
3.51, 87.35, 87.35
3.52, 87.34, 87.34
3.52, 87.32, 87.32
3.52, 87.30, 87.30
3.52, 87.30, 87.30
3.53, 87.29, 87.29
3.53, 87.28, 87.28
3.53, 87.27, 87.27
3.53, 87.26, 87.26
3.54, 87.26, 87.26
3.54, 87.25, 87.25
3.54, 87.24, 87.24
3.55, 87.24, 87.24
3.55, 87.24, 87.24
3.55, 87.22, 87.22
3.55, 87.22, 87.22
3.56, 87.21, 87.21
3.56, 87.21, 87.21
3.56, 87.19, 87.19
3.56, 87.17, 87.17
3.57, 87.17, 87.17
3.57, 87.15, 87.15
3.57, 87.14, 87.14
3.58, 87.14, 87.14
3.58, 87.14, 87.14
3.58, 87.14, 87.14
3.58, 87.14, 87.14
3.59, 87.12, 87.12
3.59, 87.10, 87.10
3.59, 87.09, 87.09
3.59, 87.09, 87.09
3.60, 87.08, 87.08
3.60, 87.07, 87.07
3.60, 87.06, 87.06
3.61, 87.04, 87.04
3.61, 87.03, 87.03
3.61, 87.01, 87.01
3.61, 87.01, 87.01
3.62, 87.00, 87.00
3.62, 86.99, 86.99
3.62, 86.99, 86.99
3.62, 86.98, 86.98
3.63, 86.98, 86.98
3.63, 86.98, 86.98
3.63, 86.97, 86.97
3.64, 86.97, 86.97
3.64, 86.97, 86.97
3.64, 86.97, 86.97
3.64, 86.97, 86.97
3.65, 86.97, 86.97
3.65, 86.97, 86.97
3.65, 86.97, 86.97
3.65, 86.96, 86.96
3.66, 86.95, 86.95
3.66, 86.95, 86.95
3.66, 86.94, 86.94
3.67, 86.93, 86.93
3.67, 86.93, 86.93
3.67, 86.92, 86.92
3.67, 86.90, 86.90
3.68, 86.90, 86.90
3.68, 86.90, 86.90
3.68, 86.89, 86.89
3.68, 86.88, 86.88
3.69, 86.88, 86.88
3.69, 86.86, 86.86
3.69, 86.85, 86.85
3.70, 86.84, 86.84
3.70, 86.83, 86.83
3.70, 86.82, 86.82
3.70, 86.82, 86.82
3.71, 86.78, 86.78
3.71, 86.76, 86.76
3.71, 86.75, 86.75
3.72, 86.74, 86.74
3.72, 86.74, 86.74
3.72, 86.74, 86.74
3.72, 86.74, 86.74
3.73, 86.73, 86.73
3.73, 86.72, 86.72
3.73, 86.72, 86.72
3.73, 86.72, 86.72
3.74, 86.72, 86.72
3.74, 86.70, 86.70
3.74, 86.70, 86.70
3.75, 86.69, 86.69
3.75, 86.69, 86.69
3.75, 86.69, 86.69
3.75, 86.69, 86.69
3.76, 86.69, 86.69
3.76, 86.69, 86.69
3.76, 86.69, 86.69
3.76, 86.67, 86.67
3.77, 86.66, 86.66
3.77, 86.65, 86.65
3.77, 86.65, 86.65
3.78, 86.65, 86.65
3.78, 86.62, 86.62
3.78, 86.62, 86.62
3.78, 86.62, 86.62
3.79, 86.62, 86.62
3.79, 86.62, 86.62
3.79, 86.60, 86.60
3.79, 86.59, 86.59
3.80, 86.59, 86.59
3.80, 86.58, 86.58
3.80, 86.58, 86.58
3.81, 86.58, 86.58
3.81, 86.57, 86.57
3.81, 86.57, 86.57
3.81, 86.55, 86.55
3.82, 86.55, 86.55
3.82, 86.53, 86.53
3.82, 86.53, 86.53
3.82, 86.51, 86.51
3.83, 86.50, 86.50
3.83, 86.49, 86.49
3.83, 86.48, 86.48
3.84, 86.48, 86.48
3.84, 86.48, 86.48
3.84, 86.47, 86.47
3.84, 86.47, 86.47
3.85, 86.46, 86.46
3.85, 86.45, 86.45
3.85, 86.45, 86.45
3.85, 86.45, 86.45
3.86, 86.44, 86.44
3.86, 86.44, 86.44
3.86, 86.43, 86.43
3.87, 86.42, 86.42
3.87, 86.41, 86.41
3.87, 86.40, 86.40
3.87, 86.40, 86.40
3.88, 86.40, 86.40
3.88, 86.38, 86.38
3.88, 86.37, 86.37
3.88, 86.35, 86.35
3.89, 86.35, 86.35
3.89, 86.33, 86.33
3.89, 86.32, 86.32
3.90, 86.31, 86.31
3.90, 86.30, 86.30
3.90, 86.28, 86.28
3.90, 86.28, 86.28
3.91, 86.28, 86.28
3.91, 86.26, 86.26
3.91, 86.26, 86.26
3.92, 86.25, 86.25
3.92, 86.25, 86.25
3.92, 86.25, 86.25
3.92, 86.25, 86.25
3.93, 86.24, 86.24
3.93, 86.24, 86.24
3.93, 86.24, 86.24
3.93, 86.24, 86.24
3.94, 86.23, 86.23
3.94, 86.23, 86.23
3.94, 86.22, 86.22
3.95, 86.22, 86.22
3.95, 86.19, 86.19
3.95, 86.18, 86.18
3.95, 86.18, 86.18
3.96, 86.18, 86.18
3.96, 86.17, 86.17
3.96, 86.17, 86.17
3.96, 86.16, 86.16
3.97, 86.16, 86.16
3.97, 86.16, 86.16
3.97, 86.16, 86.16
3.98, 86.14, 86.14
3.98, 86.14, 86.14
3.98, 86.12, 86.12
3.98, 86.12, 86.12
3.99, 86.12, 86.12
3.99, 86.11, 86.11
3.99, 86.11, 86.11
3.99, 86.11, 86.11
4.00, 86.11, 86.11
4.00, 86.10, 86.10
4.00, 86.08, 86.08
4.01, 86.08, 86.08
4.01, 86.06, 86.06
4.01, 86.03, 86.03
4.01, 86.03, 86.03
4.02, 86.02, 86.02
4.02, 86.01, 86.01
4.02, 86.01, 86.01
4.02, 86.01, 86.01
4.03, 86.01, 86.01
4.03, 86.00, 86.00
4.03, 85.99, 85.99
4.04, 85.99, 85.99
4.04, 85.99, 85.99
4.04, 85.99, 85.99
4.04, 85.97, 85.97
4.05, 85.96, 85.96
4.05, 85.96, 85.96
4.05, 85.96, 85.96
4.05, 85.96, 85.96
4.06, 85.95, 85.95
4.06, 85.94, 85.94
4.06, 85.94, 85.94
4.07, 85.94, 85.94
4.07, 85.93, 85.93
4.07, 85.92, 85.92
4.07, 85.89, 85.89
4.08, 85.88, 85.88
4.08, 85.87, 85.87
4.08, 85.87, 85.87
4.08, 85.87, 85.87
4.09, 85.87, 85.87
4.09, 85.87, 85.87
4.09, 85.87, 85.87
4.10, 85.86, 85.86
4.10, 85.86, 85.86
4.10, 85.85, 85.85
4.10, 85.84, 85.84
4.11, 85.84, 85.84
4.11, 85.82, 85.82
4.11, 85.81, 85.81
4.12, 85.79, 85.79
4.12, 85.78, 85.78
4.12, 85.77, 85.77
4.12, 85.77, 85.77
4.13, 85.76, 85.76
4.13, 85.76, 85.76
4.13, 85.74, 85.74
4.13, 85.72, 85.72
4.14, 85.72, 85.72
4.14, 85.70, 85.70
4.14, 85.69, 85.69
4.15, 85.68, 85.68
4.15, 85.67, 85.67
4.15, 85.66, 85.66
4.15, 85.66, 85.66
4.16, 85.65, 85.65
4.16, 85.64, 85.64
4.16, 85.62, 85.62
4.16, 85.61, 85.61
4.17, 85.59, 85.59
4.17, 85.56, 85.56
4.17, 85.56, 85.56
4.18, 85.54, 85.54
4.18, 85.54, 85.54
4.18, 85.54, 85.54
4.18, 85.54, 85.54
4.19, 85.52, 85.52
4.19, 85.51, 85.51
4.19, 85.51, 85.51
4.19, 85.49, 85.49
4.20, 85.49, 85.49
4.20, 85.47, 85.47
4.20, 85.44, 85.44
4.21, 85.44, 85.44
4.21, 85.43, 85.43
4.21, 85.42, 85.42
4.21, 85.42, 85.42
4.22, 85.41, 85.41
4.22, 85.41, 85.41
4.22, 85.41, 85.41
4.22, 85.40, 85.40
4.23, 85.40, 85.40
4.23, 85.39, 85.39
4.23, 85.39, 85.39
4.24, 85.39, 85.39
4.24, 85.38, 85.38
4.24, 85.38, 85.38
4.24, 85.37, 85.37
4.25, 85.36, 85.36
4.25, 85.36, 85.36
4.25, 85.35, 85.35
4.25, 85.34, 85.34
4.26, 85.34, 85.34
4.26, 85.33, 85.33
4.26, 85.32, 85.32
4.27, 85.32, 85.32
4.27, 85.29, 85.29
4.27, 85.29, 85.29
4.27, 85.29, 85.29
4.28, 85.27, 85.27
4.28, 85.26, 85.26
4.28, 85.26, 85.26
4.28, 85.26, 85.26
4.29, 85.23, 85.23
4.29, 85.20, 85.20
4.29, 85.20, 85.20
4.30, 85.19, 85.19
4.30, 85.19, 85.19
4.30, 85.18, 85.18
4.30, 85.18, 85.18
4.31, 85.17, 85.17
4.31, 85.15, 85.15
4.31, 85.15, 85.15
4.32, 85.15, 85.15
4.32, 85.15, 85.15
4.32, 85.14, 85.14
4.32, 85.12, 85.12
4.33, 85.12, 85.12
4.33, 85.10, 85.10
4.33, 85.09, 85.09
4.33, 85.07, 85.07
4.34, 85.06, 85.06
4.34, 85.05, 85.05
4.34, 85.05, 85.05
4.35, 85.05, 85.05
4.35, 85.04, 85.04
4.35, 85.04, 85.04
4.35, 85.04, 85.04
4.36, 85.03, 85.03
4.36, 85.02, 85.02
4.36, 85.02, 85.02
4.36, 85.01, 85.01
4.37, 85.00, 85.00
4.37, 85.00, 85.00
4.37, 84.97, 84.97
4.38, 84.96, 84.96
4.38, 84.95, 84.95
4.38, 84.95, 84.95
4.38, 84.92, 84.92
4.39, 84.92, 84.92
4.39, 84.90, 84.90
4.39, 84.90, 84.90
4.39, 84.89, 84.89
4.40, 84.88, 84.88
4.40, 84.87, 84.87
4.40, 84.87, 84.87
4.41, 84.87, 84.87
4.41, 84.87, 84.87
4.41, 84.86, 84.86
4.41, 84.86, 84.86
4.42, 84.85, 84.85
4.42, 84.85, 84.85
4.42, 84.85, 84.85
4.42, 84.85, 84.85
4.43, 84.85, 84.85
4.43, 84.83, 84.83
4.43, 84.83, 84.83
4.44, 84.83, 84.83
4.44, 84.83, 84.83
4.44, 84.83, 84.83
4.44, 84.83, 84.83
4.45, 84.82, 84.82
4.45, 84.81, 84.81
4.45, 84.80, 84.80
4.45, 84.79, 84.79
4.46, 84.78, 84.78
4.46, 84.73, 84.73
4.46, 84.71, 84.71
4.47, 84.70, 84.70
4.47, 84.70, 84.70
4.47, 84.68, 84.68
4.47, 84.67, 84.67
4.48, 84.65, 84.65
4.48, 84.64, 84.64
4.48, 84.63, 84.63
4.48, 84.62, 84.62
4.49, 84.61, 84.61
4.49, 84.61, 84.61
4.49, 84.60, 84.60
4.50, 84.59, 84.59
4.50, 84.58, 84.58
4.50, 84.58, 84.58
4.50, 84.58, 84.58
4.51, 84.58, 84.58
4.51, 84.58, 84.58
4.51, 84.56, 84.56
4.52, 84.55, 84.55
4.52, 84.55, 84.55
4.52, 84.54, 84.54
4.52, 84.54, 84.54
4.53, 84.53, 84.53
4.53, 84.52, 84.52
4.53, 84.50, 84.50
4.53, 84.50, 84.50
4.54, 84.47, 84.47
4.54, 84.46, 84.46
4.54, 84.46, 84.46
4.55, 84.46, 84.46
4.55, 84.46, 84.46
4.55, 84.44, 84.44
4.55, 84.44, 84.44
4.56, 84.43, 84.43
4.56, 84.42, 84.42
4.56, 84.41, 84.41
4.56, 84.39, 84.39
4.57, 84.38, 84.38
4.57, 84.38, 84.38
4.57, 84.38, 84.38
4.58, 84.36, 84.36
4.58, 84.36, 84.36
4.58, 84.36, 84.36
4.58, 84.35, 84.35
4.59, 84.34, 84.34
4.59, 84.33, 84.33
4.59, 84.31, 84.31
4.59, 84.31, 84.31
4.60, 84.31, 84.31
4.60, 84.31, 84.31
4.60, 84.30, 84.30
4.61, 84.28, 84.28
4.61, 84.28, 84.28
4.61, 84.28, 84.28
4.61, 84.26, 84.26
4.62, 84.24, 84.24
4.62, 84.23, 84.23
4.62, 84.23, 84.23
4.62, 84.21, 84.21
4.63, 84.21, 84.21
4.63, 84.20, 84.20
4.63, 84.18, 84.18
4.64, 84.17, 84.17
4.64, 84.16, 84.16
4.64, 84.15, 84.15
4.64, 84.14, 84.14
4.65, 84.13, 84.13
4.65, 84.12, 84.12
4.65, 84.11, 84.11
4.65, 84.11, 84.11
4.66, 84.11, 84.11
4.66, 84.09, 84.09
4.66, 84.09, 84.09
4.67, 84.09, 84.09
4.67, 84.07, 84.07
4.67, 84.07, 84.07
4.67, 84.06, 84.06
4.68, 84.06, 84.06
4.68, 84.06, 84.06
4.68, 84.04, 84.04
4.68, 84.04, 84.04
4.69, 84.03, 84.03
4.69, 84.02, 84.02
4.69, 84.02, 84.02
4.70, 84.00, 84.00
4.70, 83.99, 83.99
4.70, 83.99, 83.99
4.70, 83.96, 83.96
4.71, 83.96, 83.96
4.71, 83.96, 83.96
4.71, 83.96, 83.96
4.72, 83.96, 83.96
4.72, 83.95, 83.95
4.72, 83.95, 83.95
4.72, 83.93, 83.93
4.73, 83.90, 83.90
4.73, 83.89, 83.89
4.73, 83.88, 83.88
4.73, 83.86, 83.86
4.74, 83.86, 83.86
4.74, 83.84, 83.84
4.74, 83.82, 83.82
4.75, 83.82, 83.82
4.75, 83.81, 83.81
4.75, 83.81, 83.81
4.75, 83.78, 83.78
4.76, 83.76, 83.76
4.76, 83.74, 83.74
4.76, 83.72, 83.72
4.76, 83.70, 83.70
4.77, 83.70, 83.70
4.77, 83.69, 83.69
4.77, 83.69, 83.69
4.78, 83.67, 83.67
4.78, 83.67, 83.67
4.78, 83.66, 83.66
4.78, 83.65, 83.65
4.79, 83.64, 83.64
4.79, 83.64, 83.64
4.79, 83.64, 83.64
4.79, 83.64, 83.64
4.80, 83.62, 83.62
4.80, 83.62, 83.62
4.80, 83.60, 83.60
4.81, 83.59, 83.59
4.81, 83.58, 83.58
4.81, 83.57, 83.57
4.81, 83.56, 83.56
4.82, 83.56, 83.56
4.82, 83.56, 83.56
4.82, 83.55, 83.55
4.82, 83.54, 83.54
4.83, 83.54, 83.54
4.83, 83.54, 83.54
4.83, 83.52, 83.52
4.84, 83.52, 83.52
4.84, 83.51, 83.51
4.84, 83.50, 83.50
4.84, 83.49, 83.49
4.85, 83.49, 83.49
4.85, 83.47, 83.47
4.85, 83.47, 83.47
4.85, 83.46, 83.46
4.86, 83.46, 83.46
4.86, 83.45, 83.45
4.86, 83.44, 83.44
4.87, 83.42, 83.42
4.87, 83.42, 83.42
4.87, 83.41, 83.41
4.87, 83.40, 83.40
4.88, 83.40, 83.40
4.88, 83.39, 83.39
4.88, 83.39, 83.39
4.88, 83.39, 83.39
4.89, 83.38, 83.38
4.89, 83.38, 83.38
4.89, 83.38, 83.38
4.90, 83.38, 83.38
4.90, 83.37, 83.37
4.90, 83.36, 83.36
4.90, 83.35, 83.35
4.91, 83.35, 83.35
4.91, 83.35, 83.35
4.91, 83.34, 83.34
4.92, 83.34, 83.34
4.92, 83.32, 83.32
4.92, 83.32, 83.32
4.92, 83.30, 83.30
4.93, 83.30, 83.30
4.93, 83.29, 83.29
4.93, 83.29, 83.29
4.93, 83.28, 83.28
4.94, 83.27, 83.27
4.94, 83.26, 83.26
4.94, 83.26, 83.26
4.95, 83.25, 83.25
4.95, 83.25, 83.25
4.95, 83.25, 83.25
4.95, 83.24, 83.24
4.96, 83.24, 83.24
4.96, 83.23, 83.23
4.96, 83.22, 83.22
4.96, 83.22, 83.22
4.97, 83.20, 83.20
4.97, 83.20, 83.20
4.97, 83.18, 83.18
4.98, 83.17, 83.17
4.98, 83.17, 83.17
4.98, 83.16, 83.16
4.98, 83.14, 83.14
4.99, 83.14, 83.14
4.99, 83.14, 83.14
4.99, 83.12, 83.12
4.99, 83.12, 83.12
5.00, 83.12, 83.12
5.00, 83.12, 83.12
5.00, 83.12, 83.12
5.01, 83.12, 83.12
5.01, 83.12, 83.12
5.01, 83.11, 83.11
5.01, 83.10, 83.10
5.02, 83.10, 83.10
5.02, 83.09, 83.09
5.02, 83.07, 83.07
5.02, 83.07, 83.07
5.03, 83.03, 83.03
5.03, 83.01, 83.01
5.03, 83.00, 83.00
5.04, 83.00, 83.00
5.04, 83.00, 83.00
5.04, 83.00, 83.00
5.04, 83.00, 83.00
5.05, 83.00, 83.00
5.05, 82.98, 82.98
5.05, 82.96, 82.96
5.05, 82.95, 82.95
5.06, 82.94, 82.94
5.06, 82.93, 82.93
5.06, 82.93, 82.93
5.07, 82.93, 82.93
5.07, 82.93, 82.93
5.07, 82.92, 82.92
5.07, 82.91, 82.91
5.08, 82.90, 82.90
5.08, 82.90, 82.90
5.08, 82.89, 82.89
5.08, 82.88, 82.88
5.09, 82.88, 82.88
5.09, 82.87, 82.87
5.09, 82.85, 82.85
5.10, 82.84, 82.84
5.10, 82.84, 82.84
5.10, 82.84, 82.84
5.10, 82.83, 82.83
5.11, 82.80, 82.80
5.11, 82.80, 82.80
5.11, 82.79, 82.79
5.12, 82.78, 82.78
5.12, 82.78, 82.78
5.12, 82.78, 82.78
5.12, 82.78, 82.78
5.13, 82.77, 82.77
5.13, 82.75, 82.75
5.13, 82.73, 82.73
5.13, 82.73, 82.73
5.14, 82.72, 82.72
5.14, 82.71, 82.71
5.14, 82.70, 82.70
5.15, 82.68, 82.68
5.15, 82.66, 82.66
5.15, 82.66, 82.66
5.15, 82.66, 82.66
5.16, 82.66, 82.66
5.16, 82.66, 82.66
5.16, 82.63, 82.63
5.16, 82.62, 82.62
5.17, 82.61, 82.61
5.17, 82.60, 82.60
5.17, 82.58, 82.58
5.18, 82.56, 82.56
5.18, 82.55, 82.55
5.18, 82.54, 82.54
5.18, 82.53, 82.53
5.19, 82.53, 82.53
5.19, 82.51, 82.51
5.19, 82.50, 82.50
5.19, 82.48, 82.48
5.20, 82.48, 82.48
5.20, 82.48, 82.48
5.20, 82.48, 82.48
5.21, 82.47, 82.47
5.21, 82.47, 82.47
5.21, 82.46, 82.46
5.21, 82.44, 82.44
5.22, 82.43, 82.43
5.22, 82.43, 82.43
5.22, 82.41, 82.41
5.22, 82.40, 82.40
5.23, 82.40, 82.40
5.23, 82.38, 82.38
5.23, 82.35, 82.35
5.24, 82.35, 82.35
5.24, 82.34, 82.34
5.24, 82.34, 82.34
5.24, 82.34, 82.34
5.25, 82.33, 82.33
5.25, 82.32, 82.32
5.25, 82.31, 82.31
5.25, 82.31, 82.31
5.26, 82.29, 82.29
5.26, 82.29, 82.29
5.26, 82.27, 82.27
5.27, 82.26, 82.26
5.27, 82.26, 82.26
5.27, 82.24, 82.24
5.27, 82.24, 82.24
5.28, 82.24, 82.24
5.28, 82.24, 82.24
5.28, 82.23, 82.23
5.28, 82.20, 82.20
5.29, 82.18, 82.18
5.29, 82.18, 82.18
5.29, 82.17, 82.17
5.30, 82.16, 82.16
5.30, 82.16, 82.16
5.30, 82.16, 82.16
5.30, 82.16, 82.16
5.31, 82.16, 82.16
5.31, 82.16, 82.16
5.31, 82.14, 82.14
5.32, 82.14, 82.14
5.32, 82.14, 82.14
5.32, 82.14, 82.14
5.32, 82.14, 82.14
5.33, 82.13, 82.13
5.33, 82.11, 82.11
5.33, 82.11, 82.11
5.33, 82.10, 82.10
5.34, 82.10, 82.10
5.34, 82.09, 82.09
5.34, 82.09, 82.09
5.35, 82.09, 82.09
5.35, 82.08, 82.08
5.35, 82.06, 82.06
5.35, 82.06, 82.06
5.36, 82.06, 82.06
5.36, 82.06, 82.06
5.36, 82.06, 82.06
5.36, 82.03, 82.03
5.37, 82.02, 82.02
5.37, 82.00, 82.00
5.37, 81.99, 81.99
5.38, 81.99, 81.99
5.38, 81.99, 81.99
5.38, 81.97, 81.97
5.38, 81.96, 81.96
5.39, 81.96, 81.96
5.39, 81.95, 81.95
5.39, 81.94, 81.94
5.39, 81.94, 81.94
5.40, 81.93, 81.93
5.40, 81.92, 81.92
5.40, 81.92, 81.92
5.41, 81.91, 81.91
5.41, 81.89, 81.89
5.41, 81.87, 81.87
5.41, 81.87, 81.87
5.42, 81.87, 81.87
5.42, 81.87, 81.87
5.42, 81.87, 81.87
5.42, 81.85, 81.85
5.43, 81.83, 81.83
5.43, 81.83, 81.83
5.43, 81.82, 81.82
5.44, 81.82, 81.82
5.44, 81.82, 81.82
5.44, 81.82, 81.82
5.44, 81.82, 81.82
5.45, 81.80, 81.80
5.45, 81.79, 81.79
5.45, 81.79, 81.79
5.45, 81.79, 81.79
5.46, 81.79, 81.79
5.46, 81.79, 81.79
5.46, 81.79, 81.79
5.47, 81.79, 81.79
5.47, 81.78, 81.78
5.47, 81.76, 81.76
5.47, 81.76, 81.76
5.48, 81.74, 81.74
5.48, 81.74, 81.74
5.48, 81.72, 81.72
5.48, 81.70, 81.70
5.49, 81.69, 81.69
5.49, 81.69, 81.69
5.49, 81.69, 81.69
5.50, 81.68, 81.68
5.50, 81.68, 81.68
5.50, 81.67, 81.67
5.50, 81.67, 81.67
5.51, 81.65, 81.65
5.51, 81.65, 81.65
5.51, 81.64, 81.64
5.52, 81.64, 81.64
5.52, 81.64, 81.64
5.52, 81.64, 81.64
5.52, 81.63, 81.63
5.53, 81.62, 81.62
5.53, 81.62, 81.62
5.53, 81.60, 81.60
5.53, 81.60, 81.60
5.54, 81.60, 81.60
5.54, 81.60, 81.60
5.54, 81.59, 81.59
5.55, 81.59, 81.59
5.55, 81.59, 81.59
5.55, 81.58, 81.58
5.55, 81.57, 81.57
5.56, 81.55, 81.55
5.56, 81.55, 81.55
5.56, 81.53, 81.53
5.56, 81.52, 81.52
5.57, 81.49, 81.49
5.57, 81.48, 81.48
5.57, 81.47, 81.47
5.58, 81.46, 81.46
5.58, 81.45, 81.45
5.58, 81.45, 81.45
5.58, 81.45, 81.45
5.59, 81.45, 81.45
5.59, 81.45, 81.45
5.59, 81.44, 81.44
5.59, 81.42, 81.42
5.60, 81.41, 81.41
5.60, 81.40, 81.40
5.60, 81.40, 81.40
5.61, 81.40, 81.40
5.61, 81.38, 81.38
5.61, 81.38, 81.38
5.61, 81.36, 81.36
5.62, 81.36, 81.36
5.62, 81.35, 81.35
5.62, 81.35, 81.35
5.62, 81.35, 81.35
5.63, 81.34, 81.34
5.63, 81.33, 81.33
5.63, 81.32, 81.32
5.64, 81.31, 81.31
5.64, 81.30, 81.30
5.64, 81.30, 81.30
5.64, 81.30, 81.30
5.65, 81.30, 81.30
5.65, 81.30, 81.30
5.65, 81.30, 81.30
5.65, 81.30, 81.30
5.66, 81.29, 81.29
5.66, 81.29, 81.29
5.66, 81.29, 81.29
5.67, 81.29, 81.29
5.67, 81.29, 81.29
5.67, 81.29, 81.29
5.67, 81.28, 81.28
5.68, 81.27, 81.27
5.68, 81.27, 81.27
5.68, 81.27, 81.27
5.68, 81.25, 81.25
5.69, 81.25, 81.25
5.69, 81.25, 81.25
5.69, 81.24, 81.24
5.70, 81.23, 81.23
5.70, 81.23, 81.23
5.70, 81.23, 81.23
5.70, 81.23, 81.23
5.71, 81.23, 81.23
5.71, 81.23, 81.23
5.71, 81.23, 81.23
5.72, 81.21, 81.21
5.72, 81.20, 81.20
5.72, 81.20, 81.20
5.72, 81.19, 81.19
5.73, 81.18, 81.18
5.73, 81.18, 81.18
5.73, 81.16, 81.16
5.73, 81.15, 81.15
5.74, 81.15, 81.15
5.74, 81.15, 81.15
5.74, 81.15, 81.15
5.75, 81.14, 81.14
5.75, 81.14, 81.14
5.75, 81.13, 81.13
5.75, 81.12, 81.12
5.76, 81.10, 81.10
5.76, 81.10, 81.10
5.76, 81.10, 81.10
5.76, 81.09, 81.09
5.77, 81.08, 81.08
5.77, 81.07, 81.07
5.77, 81.07, 81.07
5.78, 81.07, 81.07
5.78, 81.07, 81.07
5.78, 81.06, 81.06
5.78, 81.05, 81.05
5.79, 81.05, 81.05
5.79, 81.04, 81.04
5.79, 81.04, 81.04
5.79, 81.03, 81.03
5.80, 81.02, 81.02
5.80, 81.00, 81.00
5.80, 81.00, 81.00
5.81, 80.98, 80.98
5.81, 80.98, 80.98
5.81, 80.98, 80.98
5.81, 80.96, 80.96
5.82, 80.95, 80.95
5.82, 80.94, 80.94
5.82, 80.93, 80.93
5.82, 80.93, 80.93
5.83, 80.92, 80.92
5.83, 80.91, 80.91
5.83, 80.91, 80.91
5.84, 80.90, 80.90
5.84, 80.90, 80.90
5.84, 80.89, 80.89
5.84, 80.88, 80.88
5.85, 80.86, 80.86
5.85, 80.86, 80.86
5.85, 80.86, 80.86
5.85, 80.86, 80.86
5.86, 80.85, 80.85
5.86, 80.83, 80.83
5.86, 80.82, 80.82
5.87, 80.81, 80.81
5.87, 80.81, 80.81
5.87, 80.78, 80.78
5.87, 80.78, 80.78
5.88, 80.78, 80.78
5.88, 80.77, 80.77
5.88, 80.77, 80.77
5.88, 80.76, 80.76
5.89, 80.75, 80.75
5.89, 80.74, 80.74
5.89, 80.73, 80.73
5.90, 80.73, 80.73
5.90, 80.73, 80.73
5.90, 80.73, 80.73
5.90, 80.71, 80.71
5.91, 80.69, 80.69
5.91, 80.69, 80.69
5.91, 80.68, 80.68
5.92, 80.67, 80.67
5.92, 80.67, 80.67
5.92, 80.66, 80.66
5.92, 80.66, 80.66
5.93, 80.63, 80.63
5.93, 80.63, 80.63
5.93, 80.63, 80.63
5.93, 80.62, 80.62
5.94, 80.61, 80.61
5.94, 80.61, 80.61
5.94, 80.61, 80.61
5.95, 80.59, 80.59
5.95, 80.58, 80.58
5.95, 80.57, 80.57
5.95, 80.56, 80.56
5.96, 80.56, 80.56
5.96, 80.56, 80.56
5.96, 80.55, 80.55
5.96, 80.54, 80.54
5.97, 80.54, 80.54
5.97, 80.54, 80.54
5.97, 80.54, 80.54
5.98, 80.54, 80.54
5.98, 80.52, 80.52
5.98, 80.52, 80.52
5.98, 80.52, 80.52
5.99, 80.51, 80.51
5.99, 80.51, 80.51
5.99, 80.51, 80.51
5.99, 80.50, 80.50
6.00, 80.49, 80.49
6.00, 80.49, 80.49
6.00, 80.48, 80.48
6.01, 80.48, 80.48
6.01, 80.48, 80.48
6.01, 80.48, 80.48
6.01, 80.48, 80.48
6.02, 80.47, 80.47
6.02, 80.45, 80.45
6.02, 80.45, 80.45
6.02, 80.45, 80.45
6.03, 80.44, 80.44
6.03, 80.44, 80.44
6.03, 80.42, 80.42
6.04, 80.42, 80.42
6.04, 80.42, 80.42
6.04, 80.41, 80.41
6.04, 80.41, 80.41
6.05, 80.40, 80.40
6.05, 80.40, 80.40
6.05, 80.40, 80.40
6.05, 80.40, 80.40
6.06, 80.39, 80.39
6.06, 80.38, 80.38
6.06, 80.38, 80.38
6.07, 80.38, 80.38
6.07, 80.38, 80.38
6.07, 80.37, 80.37
6.07, 80.36, 80.36
6.08, 80.36, 80.36
6.08, 80.36, 80.36
6.08, 80.35, 80.35
6.08, 80.35, 80.35
6.09, 80.35, 80.35
6.09, 80.34, 80.34
6.09, 80.32, 80.32
6.10, 80.32, 80.32
6.10, 80.32, 80.32
6.10, 80.30, 80.30
6.10, 80.29, 80.29
6.11, 80.28, 80.28
6.11, 80.27, 80.27
6.11, 80.27, 80.27
6.12, 80.27, 80.27
6.12, 80.26, 80.26
6.12, 80.25, 80.25
6.12, 80.24, 80.24
6.13, 80.23, 80.23
6.13, 80.23, 80.23
6.13, 80.22, 80.22
6.13, 80.21, 80.21
6.14, 80.21, 80.21
6.14, 80.20, 80.20
6.14, 80.18, 80.18
6.15, 80.17, 80.17
6.15, 80.17, 80.17
6.15, 80.16, 80.16
6.15, 80.16, 80.16
6.16, 80.16, 80.16
6.16, 80.16, 80.16
6.16, 80.16, 80.16
6.16, 80.15, 80.15
6.17, 80.14, 80.14
6.17, 80.14, 80.14
6.17, 80.14, 80.14
6.18, 80.12, 80.12
6.18, 80.12, 80.12
6.18, 80.12, 80.12
6.18, 80.10, 80.10
6.19, 80.09, 80.09
6.19, 80.09, 80.09
6.19, 80.09, 80.09
6.19, 80.09, 80.09
6.20, 80.09, 80.09
6.20, 80.08, 80.08
6.20, 80.07, 80.07
6.21, 80.05, 80.05
6.21, 80.05, 80.05
6.21, 80.04, 80.04
6.21, 80.04, 80.04
6.22, 80.04, 80.04
6.22, 80.01, 80.01
6.22, 80.00, 80.00
6.22, 79.98, 79.98
6.23, 79.97, 79.97
6.23, 79.97, 79.97
6.23, 79.97, 79.97
6.24, 79.97, 79.97
6.24, 79.97, 79.97
6.24, 79.97, 79.97
6.24, 79.97, 79.97
6.25, 79.96, 79.96
6.25, 79.95, 79.95
6.25, 79.95, 79.95
6.25, 79.95, 79.95
6.26, 79.94, 79.94
6.26, 79.94, 79.94
6.26, 79.93, 79.93
6.27, 79.91, 79.91
6.27, 79.89, 79.89
6.27, 79.88, 79.88
6.27, 79.87, 79.87
6.28, 79.86, 79.86
6.28, 79.85, 79.85
6.28, 79.84, 79.84
6.28, 79.83, 79.83
6.29, 79.82, 79.82
6.29, 79.80, 79.80
6.29, 79.79, 79.79
6.30, 79.79, 79.79
6.30, 79.78, 79.78
6.30, 79.78, 79.78
6.30, 79.77, 79.77
6.31, 79.77, 79.77
6.31, 79.77, 79.77
6.31, 79.76, 79.76
6.32, 79.75, 79.75
6.32, 79.73, 79.73
6.32, 79.73, 79.73
6.32, 79.72, 79.72
6.33, 79.72, 79.72
6.33, 79.72, 79.72
6.33, 79.70, 79.70
6.33, 79.70, 79.70
6.34, 79.70, 79.70
6.34, 79.70, 79.70
6.34, 79.70, 79.70
6.35, 79.69, 79.69
6.35, 79.69, 79.69
6.35, 79.69, 79.69
6.35, 79.68, 79.68
6.36, 79.68, 79.68
6.36, 79.67, 79.67
6.36, 79.66, 79.66
6.36, 79.65, 79.65
6.37, 79.64, 79.64
6.37, 79.62, 79.62
6.37, 79.62, 79.62
6.38, 79.62, 79.62
6.38, 79.61, 79.61
6.38, 79.60, 79.60
6.38, 79.60, 79.60
6.39, 79.59, 79.59
6.39, 79.59, 79.59
6.39, 79.56, 79.56
6.39, 79.56, 79.56
6.40, 79.54, 79.54
6.40, 79.54, 79.54
6.40, 79.54, 79.54
6.41, 79.54, 79.54
6.41, 79.52, 79.52
6.41, 79.52, 79.52
6.41, 79.52, 79.52
6.42, 79.52, 79.52
6.42, 79.52, 79.52
6.42, 79.52, 79.52
6.42, 79.52, 79.52
6.43, 79.52, 79.52
6.43, 79.51, 79.51
6.43, 79.51, 79.51
6.44, 79.49, 79.49
6.44, 79.49, 79.49
6.44, 79.47, 79.47
6.44, 79.45, 79.45
6.45, 79.44, 79.44
6.45, 79.43, 79.43
6.45, 79.42, 79.42
6.45, 79.39, 79.39
6.46, 79.38, 79.38
6.46, 79.38, 79.38
6.46, 79.37, 79.37
6.47, 79.36, 79.36
6.47, 79.35, 79.35
6.47, 79.34, 79.34
6.47, 79.34, 79.34
6.48, 79.34, 79.34
6.48, 79.32, 79.32
6.48, 79.32, 79.32
6.48, 79.32, 79.32
6.49, 79.32, 79.32
6.49, 79.32, 79.32
6.49, 79.32, 79.32
6.50, 79.31, 79.31
6.50, 79.31, 79.31
6.50, 79.31, 79.31
6.50, 79.30, 79.30
6.51, 79.30, 79.30
6.51, 79.30, 79.30
6.51, 79.30, 79.30
6.52, 79.30, 79.30
6.52, 79.28, 79.28
6.52, 79.28, 79.28
6.52, 79.28, 79.28
6.53, 79.28, 79.28
6.53, 79.28, 79.28
6.53, 79.28, 79.28
6.53, 79.27, 79.27
6.54, 79.25, 79.25
6.54, 79.25, 79.25
6.54, 79.25, 79.25
6.55, 79.23, 79.23
6.55, 79.23, 79.23
6.55, 79.23, 79.23
6.55, 79.23, 79.23
6.56, 79.23, 79.23
6.56, 79.22, 79.22
6.56, 79.22, 79.22
6.56, 79.22, 79.22
6.57, 79.21, 79.21
6.57, 79.21, 79.21
6.57, 79.21, 79.21
6.58, 79.20, 79.20
6.58, 79.18, 79.18
6.58, 79.18, 79.18
6.58, 79.17, 79.17
6.59, 79.17, 79.17
6.59, 79.17, 79.17
6.59, 79.17, 79.17
6.59, 79.17, 79.17
6.60, 79.15, 79.15
6.60, 79.15, 79.15
6.60, 79.15, 79.15
6.61, 79.13, 79.13
6.61, 79.13, 79.13
6.61, 79.13, 79.13
6.61, 79.13, 79.13
6.62, 79.13, 79.13
6.62, 79.13, 79.13
6.62, 79.11, 79.11
6.62, 79.10, 79.10
6.63, 79.10, 79.10
6.63, 79.09, 79.09
6.63, 79.09, 79.09
6.64, 79.08, 79.08
6.64, 79.07, 79.07
6.64, 79.06, 79.06
6.64, 79.06, 79.06
6.65, 79.04, 79.04
6.65, 79.03, 79.03
6.65, 79.01, 79.01
6.65, 79.01, 79.01
6.66, 79.01, 79.01
6.66, 79.01, 79.01
6.66, 79.01, 79.01
6.67, 79.00, 79.00
6.67, 78.98, 78.98
6.67, 78.97, 78.97
6.67, 78.94, 78.94
6.68, 78.93, 78.93
6.68, 78.93, 78.93
6.68, 78.92, 78.92
6.68, 78.92, 78.92
6.69, 78.91, 78.91
6.69, 78.91, 78.91
6.69, 78.91, 78.91
6.70, 78.91, 78.91
6.70, 78.91, 78.91
6.70, 78.91, 78.91
6.70, 78.91, 78.91
6.71, 78.90, 78.90
6.71, 78.89, 78.89
6.71, 78.88, 78.88
6.72, 78.87, 78.87
6.72, 78.86, 78.86
6.72, 78.86, 78.86
6.72, 78.86, 78.86
6.73, 78.85, 78.85
6.73, 78.83, 78.83
6.73, 78.83, 78.83
6.73, 78.83, 78.83
6.74, 78.83, 78.83
6.74, 78.82, 78.82
6.74, 78.82, 78.82
6.75, 78.82, 78.82
6.75, 78.82, 78.82
6.75, 78.81, 78.81
6.75, 78.81, 78.81
6.76, 78.80, 78.80
6.76, 78.78, 78.78
6.76, 78.78, 78.78
6.76, 78.78, 78.78
6.77, 78.77, 78.77
6.77, 78.75, 78.75
6.77, 78.75, 78.75
6.78, 78.75, 78.75
6.78, 78.74, 78.74
6.78, 78.74, 78.74
6.78, 78.74, 78.74
6.79, 78.74, 78.74
6.79, 78.73, 78.73
6.79, 78.72, 78.72
6.79, 78.71, 78.71
6.80, 78.71, 78.71
6.80, 78.71, 78.71
6.80, 78.70, 78.70
6.81, 78.70, 78.70
6.81, 78.70, 78.70
6.81, 78.70, 78.70
6.81, 78.70, 78.70
6.82, 78.69, 78.69
6.82, 78.69, 78.69
6.82, 78.69, 78.69
6.82, 78.69, 78.69
6.83, 78.68, 78.68
6.83, 78.67, 78.67
6.83, 78.67, 78.67
6.84, 78.65, 78.65
6.84, 78.64, 78.64
6.84, 78.62, 78.62
6.84, 78.61, 78.61
6.85, 78.60, 78.60
6.85, 78.59, 78.59
6.85, 78.59, 78.59
6.85, 78.59, 78.59
6.86, 78.59, 78.59
6.86, 78.58, 78.58
6.86, 78.56, 78.56
6.87, 78.56, 78.56
6.87, 78.55, 78.55
6.87, 78.55, 78.55
6.87, 78.54, 78.54
6.88, 78.54, 78.54
6.88, 78.54, 78.54
6.88, 78.52, 78.52
6.88, 78.52, 78.52
6.89, 78.51, 78.51
6.89, 78.51, 78.51
6.89, 78.51, 78.51
6.90, 78.51, 78.51
6.90, 78.51, 78.51
6.90, 78.50, 78.50
6.90, 78.49, 78.49
6.91, 78.46, 78.46
6.91, 78.46, 78.46
6.91, 78.44, 78.44
6.92, 78.44, 78.44
6.92, 78.43, 78.43
6.92, 78.42, 78.42
6.92, 78.41, 78.41
6.93, 78.41, 78.41
6.93, 78.41, 78.41
6.93, 78.40, 78.40
6.93, 78.40, 78.40
6.94, 78.40, 78.40
6.94, 78.40, 78.40
6.94, 78.40, 78.40
6.95, 78.40, 78.40
6.95, 78.39, 78.39
6.95, 78.39, 78.39
6.95, 78.39, 78.39
6.96, 78.38, 78.38
6.96, 78.37, 78.37
6.96, 78.37, 78.37
6.96, 78.37, 78.37
6.97, 78.35, 78.35
6.97, 78.34, 78.34
6.97, 78.34, 78.34
6.98, 78.33, 78.33
6.98, 78.32, 78.32
6.98, 78.32, 78.32
6.98, 78.32, 78.32
6.99, 78.32, 78.32
6.99, 78.32, 78.32
6.99, 78.30, 78.30
6.99, 78.29, 78.29
7.00, 78.27, 78.27
7.00, 78.27, 78.27
7.00, 78.26, 78.26
7.01, 78.26, 78.26
7.01, 78.25, 78.25
7.01, 78.24, 78.24
7.01, 78.22, 78.22
7.02, 78.22, 78.22
7.02, 78.21, 78.21
7.02, 78.20, 78.20
7.02, 78.19, 78.19
7.03, 78.19, 78.19
7.03, 78.19, 78.19
7.03, 78.18, 78.18
7.04, 78.18, 78.18
7.04, 78.17, 78.17
7.04, 78.17, 78.17
7.04, 78.17, 78.17
7.05, 78.15, 78.15
7.05, 78.14, 78.14
7.05, 78.13, 78.13
7.05, 78.11, 78.11
7.06, 78.10, 78.10
7.06, 78.09, 78.09
7.06, 78.08, 78.08
7.07, 78.06, 78.06
7.07, 78.06, 78.06
7.07, 78.06, 78.06
7.07, 78.06, 78.06
7.08, 78.05, 78.05
7.08, 78.04, 78.04
7.08, 78.04, 78.04
7.08, 78.03, 78.03
7.09, 78.01, 78.01
7.09, 77.99, 77.99
7.09, 77.96, 77.96
7.10, 77.96, 77.96
7.10, 77.95, 77.95
7.10, 77.92, 77.92
7.10, 77.92, 77.92
7.11, 77.92, 77.92
7.11, 77.91, 77.91
7.11, 77.91, 77.91
7.12, 77.90, 77.90
7.12, 77.90, 77.90
7.12, 77.89, 77.89
7.12, 77.89, 77.89
7.13, 77.88, 77.88
7.13, 77.88, 77.88
7.13, 77.87, 77.87
7.13, 77.86, 77.86
7.14, 77.85, 77.85
7.14, 77.85, 77.85
7.14, 77.84, 77.84
7.15, 77.83, 77.83
7.15, 77.83, 77.83
7.15, 77.83, 77.83
7.15, 77.82, 77.82
7.16, 77.80, 77.80
7.16, 77.80, 77.80
7.16, 77.80, 77.80
7.16, 77.79, 77.79
7.17, 77.77, 77.77
7.17, 77.76, 77.76
7.17, 77.76, 77.76
7.18, 77.75, 77.75
7.18, 77.74, 77.74
7.18, 77.74, 77.74
7.18, 77.73, 77.73
7.19, 77.73, 77.73
7.19, 77.73, 77.73
7.19, 77.72, 77.72
7.19, 77.72, 77.72
7.20, 77.71, 77.71
7.20, 77.69, 77.69
7.20, 77.69, 77.69
7.21, 77.69, 77.69
7.21, 77.69, 77.69
7.21, 77.69, 77.69
7.21, 77.69, 77.69
7.22, 77.69, 77.69
7.22, 77.69, 77.69
7.22, 77.68, 77.68
7.22, 77.67, 77.67
7.23, 77.66, 77.66
7.23, 77.66, 77.66
7.23, 77.66, 77.66
7.24, 77.65, 77.65
7.24, 77.63, 77.63
7.24, 77.63, 77.63
7.24, 77.60, 77.60
7.25, 77.60, 77.60
7.25, 77.60, 77.60
7.25, 77.60, 77.60
7.25, 77.60, 77.60
7.26, 77.57, 77.57
7.26, 77.57, 77.57
7.26, 77.56, 77.56
7.27, 77.56, 77.56
7.27, 77.54, 77.54
7.27, 77.54, 77.54
7.27, 77.54, 77.54
7.28, 77.54, 77.54
7.28, 77.54, 77.54
7.28, 77.54, 77.54
7.28, 77.54, 77.54
7.29, 77.54, 77.54
7.29, 77.53, 77.53
7.29, 77.53, 77.53
7.30, 77.53, 77.53
7.30, 77.51, 77.51
7.30, 77.49, 77.49
7.30, 77.49, 77.49
7.31, 77.47, 77.47
7.31, 77.47, 77.47
7.31, 77.47, 77.47
7.32, 77.47, 77.47
7.32, 77.47, 77.47
7.32, 77.47, 77.47
7.32, 77.47, 77.47
7.33, 77.47, 77.47
7.33, 77.47, 77.47
7.33, 77.46, 77.46
7.33, 77.46, 77.46
7.34, 77.46, 77.46
7.34, 77.45, 77.45
7.34, 77.44, 77.44
7.35, 77.44, 77.44
7.35, 77.44, 77.44
7.35, 77.44, 77.44
7.35, 77.43, 77.43
7.36, 77.42, 77.42
7.36, 77.42, 77.42
7.36, 77.41, 77.41
7.36, 77.41, 77.41
7.37, 77.40, 77.40
7.37, 77.39, 77.39
7.37, 77.37, 77.37
7.38, 77.37, 77.37
7.38, 77.37, 77.37
7.38, 77.37, 77.37
7.38, 77.37, 77.37
7.39, 77.37, 77.37
7.39, 77.37, 77.37
7.39, 77.37, 77.37
7.39, 77.37, 77.37
7.40, 77.35, 77.35
7.40, 77.34, 77.34
7.40, 77.34, 77.34
7.41, 77.33, 77.33
7.41, 77.33, 77.33
7.41, 77.32, 77.32
7.41, 77.31, 77.31
7.42, 77.30, 77.30
7.42, 77.30, 77.30
7.42, 77.29, 77.29
7.42, 77.28, 77.28
7.43, 77.28, 77.28
7.43, 77.28, 77.28
7.43, 77.27, 77.27
7.44, 77.27, 77.27
7.44, 77.27, 77.27
7.44, 77.26, 77.26
7.44, 77.25, 77.25
7.45, 77.25, 77.25
7.45, 77.25, 77.25
7.45, 77.24, 77.24
7.45, 77.23, 77.23
7.46, 77.23, 77.23
7.46, 77.23, 77.23
7.46, 77.22, 77.22
7.47, 77.22, 77.22
7.47, 77.21, 77.21
7.47, 77.20, 77.20
7.47, 77.18, 77.18
7.48, 77.17, 77.17
7.48, 77.17, 77.17
7.48, 77.17, 77.17
7.48, 77.16, 77.16
7.49, 77.15, 77.15
7.49, 77.15, 77.15
7.49, 77.14, 77.14
7.50, 77.12, 77.12
7.50, 77.12, 77.12
7.50, 77.12, 77.12
7.50, 77.10, 77.10
7.51, 77.10, 77.10
7.51, 77.09, 77.09
7.51, 77.09, 77.09
7.52, 77.09, 77.09
7.52, 77.09, 77.09
7.52, 77.08, 77.08
7.52, 77.08, 77.08
7.53, 77.08, 77.08
7.53, 77.08, 77.08
7.53, 77.08, 77.08
7.53, 77.08, 77.08
7.54, 77.06, 77.06
7.54, 77.06, 77.06
7.54, 77.06, 77.06
7.55, 77.06, 77.06
7.55, 77.06, 77.06
7.55, 77.06, 77.06
7.55, 77.06, 77.06
7.56, 77.06, 77.06
7.56, 77.04, 77.04
7.56, 77.04, 77.04
7.56, 77.04, 77.04
7.57, 77.03, 77.03
7.57, 77.03, 77.03
7.57, 77.03, 77.03
7.58, 77.03, 77.03
7.58, 77.03, 77.03
7.58, 77.03, 77.03
7.58, 77.02, 77.02
7.59, 77.02, 77.02
7.59, 77.00, 77.00
7.59, 77.00, 77.00
7.59, 76.99, 76.99
7.60, 76.99, 76.99
7.60, 76.99, 76.99
7.60, 76.98, 76.98
7.61, 76.98, 76.98
7.61, 76.98, 76.98
7.61, 76.98, 76.98
7.61, 76.98, 76.98
7.62, 76.97, 76.97
7.62, 76.95, 76.95
7.62, 76.95, 76.95
7.62, 76.94, 76.94
7.63, 76.93, 76.93
7.63, 76.92, 76.92
7.63, 76.91, 76.91
7.64, 76.91, 76.91
7.64, 76.89, 76.89
7.64, 76.89, 76.89
7.64, 76.89, 76.89
7.65, 76.89, 76.89
7.65, 76.88, 76.88
7.65, 76.86, 76.86
7.65, 76.86, 76.86
7.66, 76.83, 76.83
7.66, 76.81, 76.81
7.66, 76.81, 76.81
7.67, 76.81, 76.81
7.67, 76.79, 76.79
7.67, 76.79, 76.79
7.67, 76.78, 76.78
7.68, 76.78, 76.78
7.68, 76.76, 76.76
7.68, 76.76, 76.76
7.68, 76.74, 76.74
7.69, 76.74, 76.74
7.69, 76.73, 76.73
7.69, 76.73, 76.73
7.70, 76.72, 76.72
7.70, 76.72, 76.72
7.70, 76.72, 76.72
7.70, 76.71, 76.71
7.71, 76.71, 76.71
7.71, 76.70, 76.70
7.71, 76.70, 76.70
7.72, 76.69, 76.69
7.72, 76.69, 76.69
7.72, 76.67, 76.67
7.72, 76.66, 76.66
7.73, 76.66, 76.66
7.73, 76.66, 76.66
7.73, 76.66, 76.66
7.73, 76.63, 76.63
7.74, 76.63, 76.63
7.74, 76.61, 76.61
7.74, 76.61, 76.61
7.75, 76.60, 76.60
7.75, 76.58, 76.58
7.75, 76.58, 76.58
7.75, 76.58, 76.58
7.76, 76.55, 76.55
7.76, 76.55, 76.55
7.76, 76.55, 76.55
7.76, 76.55, 76.55
7.77, 76.51, 76.51
7.77, 76.50, 76.50
7.77, 76.49, 76.49
7.78, 76.48, 76.48
7.78, 76.46, 76.46
7.78, 76.45, 76.45
7.78, 76.45, 76.45
7.79, 76.45, 76.45
7.79, 76.44, 76.44
7.79, 76.44, 76.44
7.79, 76.41, 76.41
7.80, 76.41, 76.41
7.80, 76.41, 76.41
7.80, 76.41, 76.41
7.81, 76.40, 76.40
7.81, 76.40, 76.40
7.81, 76.40, 76.40
7.81, 76.40, 76.40
7.82, 76.40, 76.40
7.82, 76.39, 76.39
7.82, 76.38, 76.38
7.82, 76.38, 76.38
7.83, 76.38, 76.38
7.83, 76.37, 76.37
7.83, 76.37, 76.37
7.84, 76.37, 76.37
7.84, 76.36, 76.36
7.84, 76.34, 76.34
7.84, 76.33, 76.33
7.85, 76.32, 76.32
7.85, 76.32, 76.32
7.85, 76.31, 76.31
7.85, 76.30, 76.30
7.86, 76.30, 76.30
7.86, 76.29, 76.29
7.86, 76.29, 76.29
7.87, 76.27, 76.27
7.87, 76.27, 76.27
7.87, 76.27, 76.27
7.87, 76.27, 76.27
7.88, 76.24, 76.24
7.88, 76.24, 76.24
7.88, 76.24, 76.24
7.88, 76.23, 76.23
7.89, 76.22, 76.22
7.89, 76.19, 76.19
7.89, 76.18, 76.18
7.90, 76.18, 76.18
7.90, 76.18, 76.18
7.90, 76.17, 76.17
7.90, 76.17, 76.17
7.91, 76.16, 76.16
7.91, 76.16, 76.16
7.91, 76.12, 76.12
7.92, 76.12, 76.12
7.92, 76.11, 76.11
7.92, 76.10, 76.10
7.92, 76.09, 76.09
7.93, 76.09, 76.09
7.93, 76.08, 76.08
7.93, 76.08, 76.08
7.93, 76.08, 76.08
7.94, 76.07, 76.07
7.94, 76.06, 76.06
7.94, 76.05, 76.05
7.95, 76.04, 76.04
7.95, 76.02, 76.02
7.95, 76.01, 76.01
7.95, 76.01, 76.01
7.96, 76.00, 76.00
7.96, 76.00, 76.00
7.96, 76.00, 76.00
7.96, 76.00, 76.00
7.97, 76.00, 76.00
7.97, 75.99, 75.99
7.97, 75.98, 75.98
7.98, 75.98, 75.98
7.98, 75.97, 75.97
7.98, 75.95, 75.95
7.98, 75.95, 75.95
7.99, 75.93, 75.93
7.99, 75.92, 75.92
7.99, 75.91, 75.91
7.99, 75.90, 75.90
8.00, 75.90, 75.90
8.00, 75.89, 75.89
8.00, 75.89, 75.89
8.01, 75.89, 75.89
8.01, 75.88, 75.88
8.01, 75.88, 75.88
8.01, 75.87, 75.87
8.02, 75.87, 75.87
8.02, 75.87, 75.87
8.02, 75.87, 75.87
8.02, 75.87, 75.87
8.03, 75.87, 75.87
8.03, 75.87, 75.87
8.03, 75.87, 75.87
8.04, 75.87, 75.87
8.04, 75.87, 75.87
8.04, 75.87, 75.87
8.04, 75.87, 75.87
8.05, 75.86, 75.86
8.05, 75.85, 75.85
8.05, 75.84, 75.84
8.05, 75.83, 75.83
8.06, 75.83, 75.83
8.06, 75.83, 75.83
8.06, 75.83, 75.83
8.07, 75.83, 75.83
8.07, 75.82, 75.82
8.07, 75.81, 75.81
8.07, 75.81, 75.81
8.08, 75.79, 75.79
8.08, 75.78, 75.78
8.08, 75.78, 75.78
8.08, 75.77, 75.77
8.09, 75.76, 75.76
8.09, 75.76, 75.76
8.09, 75.76, 75.76
8.10, 75.75, 75.75
8.10, 75.74, 75.74
8.10, 75.73, 75.73
8.10, 75.71, 75.71
8.11, 75.71, 75.71
8.11, 75.70, 75.70
8.11, 75.70, 75.70
8.12, 75.70, 75.70
8.12, 75.70, 75.70
8.12, 75.70, 75.70
8.12, 75.70, 75.70
8.13, 75.68, 75.68
8.13, 75.66, 75.66
8.13, 75.65, 75.65
8.13, 75.64, 75.64
8.14, 75.64, 75.64
8.14, 75.64, 75.64
8.14, 75.63, 75.63
8.15, 75.61, 75.61
8.15, 75.61, 75.61
8.15, 75.61, 75.61
8.15, 75.60, 75.60
8.16, 75.59, 75.59
8.16, 75.58, 75.58
8.16, 75.58, 75.58
8.16, 75.58, 75.58
8.17, 75.56, 75.56
8.17, 75.56, 75.56
8.17, 75.56, 75.56
8.18, 75.56, 75.56
8.18, 75.55, 75.55
8.18, 75.54, 75.54
8.18, 75.52, 75.52
8.19, 75.52, 75.52
8.19, 75.52, 75.52
8.19, 75.51, 75.51
8.19, 75.51, 75.51
8.20, 75.50, 75.50
8.20, 75.49, 75.49
8.20, 75.47, 75.47
8.21, 75.46, 75.46
8.21, 75.45, 75.45
8.21, 75.45, 75.45
8.21, 75.45, 75.45
8.22, 75.45, 75.45
8.22, 75.45, 75.45
8.22, 75.44, 75.44
8.22, 75.43, 75.43
8.23, 75.42, 75.42
8.23, 75.41, 75.41
8.23, 75.39, 75.39
8.24, 75.38, 75.38
8.24, 75.38, 75.38
8.24, 75.36, 75.36
8.24, 75.35, 75.35
8.25, 75.35, 75.35
8.25, 75.35, 75.35
8.25, 75.35, 75.35
8.25, 75.35, 75.35
8.26, 75.35, 75.35
8.26, 75.34, 75.34
8.26, 75.34, 75.34
8.27, 75.34, 75.34
8.27, 75.34, 75.34
8.27, 75.34, 75.34
8.27, 75.33, 75.33
8.28, 75.33, 75.33
8.28, 75.32, 75.32
8.28, 75.31, 75.31
8.28, 75.30, 75.30
8.29, 75.30, 75.30
8.29, 75.28, 75.28
8.29, 75.28, 75.28
8.30, 75.28, 75.28
8.30, 75.28, 75.28
8.30, 75.28, 75.28
8.30, 75.27, 75.27
8.31, 75.27, 75.27
8.31, 75.26, 75.26
8.31, 75.25, 75.25
8.32, 75.25, 75.25
8.32, 75.25, 75.25
8.32, 75.24, 75.24
8.32, 75.23, 75.23
8.33, 75.23, 75.23
8.33, 75.22, 75.22
8.33, 75.22, 75.22
8.33, 75.22, 75.22
8.34, 75.22, 75.22
8.34, 75.20, 75.20
8.34, 75.20, 75.20
8.35, 75.20, 75.20
8.35, 75.19, 75.19
8.35, 75.18, 75.18
8.35, 75.17, 75.17
8.36, 75.16, 75.16
8.36, 75.16, 75.16
8.36, 75.16, 75.16
8.36, 75.14, 75.14
8.37, 75.14, 75.14
8.37, 75.14, 75.14
8.37, 75.14, 75.14
8.38, 75.14, 75.14
8.38, 75.14, 75.14
8.38, 75.13, 75.13
8.38, 75.12, 75.12
8.39, 75.12, 75.12
8.39, 75.12, 75.12
8.39, 75.11, 75.11
8.39, 75.11, 75.11
8.40, 75.10, 75.10
8.40, 75.10, 75.10
8.40, 75.10, 75.10
8.41, 75.09, 75.09
8.41, 75.09, 75.09
8.41, 75.09, 75.09
8.41, 75.07, 75.07
8.42, 75.07, 75.07
8.42, 75.06, 75.06
8.42, 75.05, 75.05
8.42, 75.04, 75.04
8.43, 75.02, 75.02
8.43, 75.02, 75.02
8.43, 74.98, 74.98
8.44, 74.98, 74.98
8.44, 74.95, 74.95
8.44, 74.95, 74.95
8.44, 74.95, 74.95
8.45, 74.94, 74.94
8.45, 74.93, 74.93
8.45, 74.93, 74.93
8.45, 74.93, 74.93
8.46, 74.92, 74.92
8.46, 74.92, 74.92
8.46, 74.91, 74.91
8.47, 74.89, 74.89
8.47, 74.89, 74.89
8.47, 74.89, 74.89
8.47, 74.89, 74.89
8.48, 74.88, 74.88
8.48, 74.85, 74.85
8.48, 74.85, 74.85
8.48, 74.85, 74.85
8.49, 74.84, 74.84
8.49, 74.83, 74.83
8.49, 74.82, 74.82
8.50, 74.82, 74.82
8.50, 74.82, 74.82
8.50, 74.82, 74.82
8.50, 74.82, 74.82
8.51, 74.82, 74.82
8.51, 74.82, 74.82
8.51, 74.82, 74.82
8.52, 74.81, 74.81
8.52, 74.81, 74.81
8.52, 74.81, 74.81
8.52, 74.80, 74.80
8.53, 74.79, 74.79
8.53, 74.78, 74.78
8.53, 74.77, 74.77
8.53, 74.77, 74.77
8.54, 74.77, 74.77
8.54, 74.76, 74.76
8.54, 74.76, 74.76
8.55, 74.75, 74.75
8.55, 74.74, 74.74
8.55, 74.73, 74.73
8.55, 74.72, 74.72
8.56, 74.72, 74.72
8.56, 74.72, 74.72
8.56, 74.72, 74.72
8.56, 74.72, 74.72
8.57, 74.72, 74.72
8.57, 74.72, 74.72
8.57, 74.71, 74.71
8.58, 74.69, 74.69
8.58, 74.69, 74.69
8.58, 74.69, 74.69
8.58, 74.69, 74.69
8.59, 74.68, 74.68
8.59, 74.67, 74.67
8.59, 74.67, 74.67
8.59, 74.66, 74.66
8.60, 74.66, 74.66
8.60, 74.65, 74.65
8.60, 74.62, 74.62
8.61, 74.62, 74.62
8.61, 74.61, 74.61
8.61, 74.60, 74.60
8.61, 74.60, 74.60
8.62, 74.58, 74.58
8.62, 74.55, 74.55
8.62, 74.54, 74.54
8.62, 74.54, 74.54
8.63, 74.54, 74.54
8.63, 74.54, 74.54
8.63, 74.54, 74.54
8.64, 74.54, 74.54
8.64, 74.54, 74.54
8.64, 74.54, 74.54
8.64, 74.53, 74.53
8.65, 74.53, 74.53
8.65, 74.52, 74.52
8.65, 74.52, 74.52
8.65, 74.52, 74.52
8.66, 74.48, 74.48
8.66, 74.48, 74.48
8.66, 74.48, 74.48
8.67, 74.48, 74.48
8.67, 74.47, 74.47
8.67, 74.44, 74.44
8.67, 74.43, 74.43
8.68, 74.41, 74.41
8.68, 74.41, 74.41
8.68, 74.40, 74.40
8.68, 74.40, 74.40
8.69, 74.40, 74.40
8.69, 74.39, 74.39
8.69, 74.39, 74.39
8.70, 74.39, 74.39
8.70, 74.39, 74.39
8.70, 74.38, 74.38
8.70, 74.36, 74.36
8.71, 74.36, 74.36
8.71, 74.35, 74.35
8.71, 74.34, 74.34
8.72, 74.34, 74.34
8.72, 74.33, 74.33
8.72, 74.33, 74.33
8.72, 74.33, 74.33
8.73, 74.33, 74.33
8.73, 74.33, 74.33
8.73, 74.31, 74.31
8.73, 74.31, 74.31
8.74, 74.31, 74.31
8.74, 74.30, 74.30
8.74, 74.30, 74.30
8.75, 74.30, 74.30
8.75, 74.30, 74.30
8.75, 74.29, 74.29
8.75, 74.29, 74.29
8.76, 74.25, 74.25
8.76, 74.24, 74.24
8.76, 74.24, 74.24
8.76, 74.24, 74.24
8.77, 74.23, 74.23
8.77, 74.23, 74.23
8.77, 74.22, 74.22
8.78, 74.22, 74.22
8.78, 74.21, 74.21
8.78, 74.21, 74.21
8.78, 74.21, 74.21
8.79, 74.19, 74.19
8.79, 74.17, 74.17
8.79, 74.17, 74.17
8.79, 74.17, 74.17
8.80, 74.16, 74.16
8.80, 74.15, 74.15
8.80, 74.14, 74.14
8.81, 74.13, 74.13
8.81, 74.13, 74.13
8.81, 74.13, 74.13
8.81, 74.13, 74.13
8.82, 74.12, 74.12
8.82, 74.11, 74.11
8.82, 74.11, 74.11
8.82, 74.10, 74.10
8.83, 74.10, 74.10
8.83, 74.08, 74.08
8.83, 74.08, 74.08
8.84, 74.07, 74.07
8.84, 74.06, 74.06
8.84, 74.04, 74.04
8.84, 74.03, 74.03
8.85, 74.02, 74.02
8.85, 74.02, 74.02
8.85, 74.00, 74.00
8.85, 74.00, 74.00
8.86, 74.00, 74.00
8.86, 74.00, 74.00
8.86, 73.98, 73.98
8.87, 73.98, 73.98
8.87, 73.98, 73.98
8.87, 73.98, 73.98
8.87, 73.98, 73.98
8.88, 73.98, 73.98
8.88, 73.97, 73.97
8.88, 73.96, 73.96
8.88, 73.96, 73.96
8.89, 73.92, 73.92
8.89, 73.91, 73.91
8.89, 73.91, 73.91
8.90, 73.91, 73.91
8.90, 73.91, 73.91
8.90, 73.90, 73.90
8.90, 73.90, 73.90
8.91, 73.90, 73.90
8.91, 73.89, 73.89
8.91, 73.89, 73.89
8.92, 73.89, 73.89
8.92, 73.89, 73.89
8.92, 73.89, 73.89
8.92, 73.89, 73.89
8.93, 73.86, 73.86
8.93, 73.85, 73.85
8.93, 73.85, 73.85
8.93, 73.85, 73.85
8.94, 73.85, 73.85
8.94, 73.84, 73.84
8.94, 73.84, 73.84
8.95, 73.84, 73.84
8.95, 73.84, 73.84
8.95, 73.84, 73.84
8.95, 73.84, 73.84
8.96, 73.83, 73.83
8.96, 73.83, 73.83
8.96, 73.83, 73.83
8.96, 73.82, 73.82
8.97, 73.82, 73.82
8.97, 73.81, 73.81
8.97, 73.81, 73.81
8.98, 73.79, 73.79
8.98, 73.79, 73.79
8.98, 73.77, 73.77
8.98, 73.77, 73.77
8.99, 73.77, 73.77
8.99, 73.77, 73.77
8.99, 73.76, 73.76
8.99, 73.76, 73.76
9.00, 73.76, 73.76
9.00, 73.76, 73.76
9.00, 73.76, 73.76
9.01, 73.76, 73.76
9.01, 73.76, 73.76
9.01, 73.74, 73.74
9.01, 73.74, 73.74
9.02, 73.73, 73.73
9.02, 73.73, 73.73
9.02, 73.73, 73.73
9.02, 73.72, 73.72
9.03, 73.72, 73.72
9.03, 73.72, 73.72
9.03, 73.72, 73.72
9.04, 73.71, 73.71
9.04, 73.71, 73.71
9.04, 73.70, 73.70
9.04, 73.70, 73.70
9.05, 73.67, 73.67
9.05, 73.66, 73.66
9.05, 73.66, 73.66
9.05, 73.66, 73.66
9.06, 73.65, 73.65
9.06, 73.65, 73.65
9.06, 73.63, 73.63
9.07, 73.62, 73.62
9.07, 73.62, 73.62
9.07, 73.62, 73.62
9.07, 73.60, 73.60
9.08, 73.59, 73.59
9.08, 73.59, 73.59
9.08, 73.57, 73.57
9.08, 73.57, 73.57
9.09, 73.56, 73.56
9.09, 73.56, 73.56
9.09, 73.56, 73.56
9.10, 73.56, 73.56
9.10, 73.56, 73.56
9.10, 73.55, 73.55
9.10, 73.55, 73.55
9.11, 73.55, 73.55
9.11, 73.55, 73.55
9.11, 73.54, 73.54
9.12, 73.52, 73.52
9.12, 73.52, 73.52
9.12, 73.52, 73.52
9.12, 73.51, 73.51
9.13, 73.51, 73.51
9.13, 73.51, 73.51
9.13, 73.50, 73.50
9.13, 73.50, 73.50
9.14, 73.47, 73.47
9.14, 73.47, 73.47
9.14, 73.46, 73.46
9.15, 73.46, 73.46
9.15, 73.45, 73.45
9.15, 73.43, 73.43
9.15, 73.43, 73.43
9.16, 73.43, 73.43
9.16, 73.43, 73.43
9.16, 73.43, 73.43
9.16, 73.42, 73.42
9.17, 73.42, 73.42
9.17, 73.41, 73.41
9.17, 73.41, 73.41
9.18, 73.41, 73.41
9.18, 73.40, 73.40
9.18, 73.38, 73.38
9.18, 73.38, 73.38
9.19, 73.37, 73.37
9.19, 73.37, 73.37
9.19, 73.36, 73.36
9.19, 73.36, 73.36
9.20, 73.36, 73.36
9.20, 73.36, 73.36
9.20, 73.34, 73.34
9.21, 73.34, 73.34
9.21, 73.33, 73.33
9.21, 73.32, 73.32
9.21, 73.31, 73.31
9.22, 73.28, 73.28
9.22, 73.28, 73.28
9.22, 73.28, 73.28
9.22, 73.28, 73.28
9.23, 73.28, 73.28
9.23, 73.28, 73.28
9.23, 73.28, 73.28
9.24, 73.27, 73.27
9.24, 73.27, 73.27
9.24, 73.27, 73.27
9.24, 73.27, 73.27
9.25, 73.27, 73.27
9.25, 73.27, 73.27
9.25, 73.27, 73.27
9.25, 73.27, 73.27
9.26, 73.27, 73.27
9.26, 73.24, 73.24
9.26, 73.24, 73.24
9.27, 73.24, 73.24
9.27, 73.24, 73.24
9.27, 73.24, 73.24
9.27, 73.24, 73.24
9.28, 73.23, 73.23
9.28, 73.23, 73.23
9.28, 73.23, 73.23
9.28, 73.23, 73.23
9.29, 73.23, 73.23
9.29, 73.23, 73.23
9.29, 73.23, 73.23
9.30, 73.23, 73.23
9.30, 73.23, 73.23
9.30, 73.23, 73.23
9.30, 73.23, 73.23
9.31, 73.23, 73.23
9.31, 73.23, 73.23
9.31, 73.23, 73.23
9.32, 73.23, 73.23
9.32, 73.21, 73.21
9.32, 73.21, 73.21
9.32, 73.21, 73.21
9.33, 73.21, 73.21
9.33, 73.21, 73.21
9.33, 73.21, 73.21
9.33, 73.19, 73.19
9.34, 73.19, 73.19
9.34, 73.19, 73.19
9.34, 73.19, 73.19
9.35, 73.19, 73.19
9.35, 73.19, 73.19
9.35, 73.16, 73.16
9.35, 73.16, 73.16
9.36, 73.15, 73.15
9.36, 73.15, 73.15
9.36, 73.15, 73.15
9.36, 73.13, 73.13
9.37, 73.12, 73.12
9.37, 73.12, 73.12
9.37, 73.12, 73.12
9.38, 73.10, 73.10
9.38, 73.08, 73.08
9.38, 73.08, 73.08
9.38, 73.06, 73.06
9.39, 73.05, 73.05
9.39, 73.05, 73.05
9.39, 73.05, 73.05
9.39, 73.05, 73.05
9.40, 73.05, 73.05
9.40, 73.05, 73.05
9.40, 73.05, 73.05
9.41, 73.05, 73.05
9.41, 73.05, 73.05
9.41, 73.04, 73.04
9.41, 73.04, 73.04
9.42, 73.01, 73.01
9.42, 72.98, 72.98
9.42, 72.98, 72.98
9.42, 72.98, 72.98
9.43, 72.98, 72.98
9.43, 72.95, 72.95
9.43, 72.95, 72.95
9.44, 72.95, 72.95
9.44, 72.95, 72.95
9.44, 72.95, 72.95
9.44, 72.94, 72.94
9.45, 72.94, 72.94
9.45, 72.92, 72.92
9.45, 72.92, 72.92
9.45, 72.91, 72.91
9.46, 72.91, 72.91
9.46, 72.91, 72.91
9.46, 72.91, 72.91
9.47, 72.89, 72.89
9.47, 72.89, 72.89
9.47, 72.89, 72.89
9.47, 72.88, 72.88
9.48, 72.88, 72.88
9.48, 72.87, 72.87
9.48, 72.87, 72.87
9.48, 72.85, 72.85
9.49, 72.85, 72.85
9.49, 72.84, 72.84
9.49, 72.84, 72.84
9.50, 72.84, 72.84
9.50, 72.82, 72.82
9.50, 72.81, 72.81
9.50, 72.81, 72.81
9.51, 72.81, 72.81
9.51, 72.79, 72.79
9.51, 72.79, 72.79
9.52, 72.78, 72.78
9.52, 72.78, 72.78
9.52, 72.76, 72.76
9.52, 72.75, 72.75
9.53, 72.74, 72.74
9.53, 72.74, 72.74
9.53, 72.72, 72.72
9.53, 72.72, 72.72
9.54, 72.69, 72.69
9.54, 72.69, 72.69
9.54, 72.69, 72.69
9.55, 72.69, 72.69
9.55, 72.66, 72.66
9.55, 72.66, 72.66
9.55, 72.66, 72.66
9.56, 72.63, 72.63
9.56, 72.63, 72.63
9.56, 72.63, 72.63
9.56, 72.63, 72.63
9.57, 72.62, 72.62
9.57, 72.62, 72.62
9.57, 72.60, 72.60
9.58, 72.60, 72.60
9.58, 72.60, 72.60
9.58, 72.59, 72.59
9.58, 72.57, 72.57
9.59, 72.57, 72.57
9.59, 72.57, 72.57
9.59, 72.57, 72.57
9.59, 72.57, 72.57
9.60, 72.56, 72.56
9.60, 72.56, 72.56
9.60, 72.54, 72.54
9.61, 72.53, 72.53
9.61, 72.53, 72.53
9.61, 72.53, 72.53
9.61, 72.53, 72.53
9.62, 72.53, 72.53
9.62, 72.53, 72.53
9.62, 72.51, 72.51
9.62, 72.50, 72.50
9.63, 72.50, 72.50
9.63, 72.50, 72.50
9.63, 72.50, 72.50
9.64, 72.50, 72.50
9.64, 72.50, 72.50
9.64, 72.48, 72.48
9.64, 72.48, 72.48
9.65, 72.48, 72.48
9.65, 72.45, 72.45
9.65, 72.44, 72.44
9.65, 72.42, 72.42
9.66, 72.42, 72.42
9.66, 72.41, 72.41
9.66, 72.41, 72.41
9.67, 72.41, 72.41
9.67, 72.41, 72.41
9.67, 72.41, 72.41
9.67, 72.41, 72.41
9.68, 72.37, 72.37
9.68, 72.37, 72.37
9.68, 72.37, 72.37
9.68, 72.36, 72.36
9.69, 72.36, 72.36
9.69, 72.36, 72.36
9.69, 72.36, 72.36
9.70, 72.36, 72.36
9.70, 72.34, 72.34
9.70, 72.34, 72.34
9.70, 72.34, 72.34
9.71, 72.33, 72.33
9.71, 72.33, 72.33
9.71, 72.33, 72.33
9.72, 72.33, 72.33
9.72, 72.33, 72.33
9.72, 72.33, 72.33
9.72, 72.33, 72.33
9.73, 72.33, 72.33
9.73, 72.31, 72.31
9.73, 72.31, 72.31
9.73, 72.31, 72.31
9.74, 72.31, 72.31
9.74, 72.31, 72.31
9.74, 72.31, 72.31
9.75, 72.26, 72.26
9.75, 72.25, 72.25
9.75, 72.22, 72.22
9.75, 72.22, 72.22
9.76, 72.22, 72.22
9.76, 72.20, 72.20
9.76, 72.20, 72.20
9.76, 72.20, 72.20
9.77, 72.20, 72.20
9.77, 72.18, 72.18
9.77, 72.18, 72.18
9.78, 72.17, 72.17
9.78, 72.17, 72.17
9.78, 72.17, 72.17
9.78, 72.17, 72.17
9.79, 72.17, 72.17
9.79, 72.17, 72.17
9.79, 72.15, 72.15
9.79, 72.13, 72.13
9.80, 72.13, 72.13
9.80, 72.13, 72.13
9.80, 72.12, 72.12
9.81, 72.12, 72.12
9.81, 72.10, 72.10
9.81, 72.10, 72.10
9.81, 72.10, 72.10
9.82, 72.09, 72.09
9.82, 72.09, 72.09
9.82, 72.07, 72.07
9.82, 72.07, 72.07
9.83, 72.07, 72.07
9.83, 72.07, 72.07
9.83, 72.07, 72.07
9.84, 72.07, 72.07
9.84, 72.07, 72.07
9.84, 72.07, 72.07
9.84, 72.07, 72.07
9.85, 72.07, 72.07
9.85, 72.07, 72.07
9.85, 72.05, 72.05
9.85, 72.05, 72.05
9.86, 72.04, 72.04
9.86, 72.04, 72.04
9.86, 72.04, 72.04
9.87, 72.00, 72.00
9.87, 71.98, 71.98
9.87, 71.93, 71.93
9.87, 71.93, 71.93
9.88, 71.93, 71.93
9.88, 71.93, 71.93
9.88, 71.93, 71.93
9.88, 71.92, 71.92
9.89, 71.90, 71.90
9.89, 71.90, 71.90
9.89, 71.90, 71.90
9.90, 71.90, 71.90
9.90, 71.87, 71.87
9.90, 71.87, 71.87
9.90, 71.87, 71.87
9.91, 71.85, 71.85
9.91, 71.83, 71.83
9.91, 71.83, 71.83
9.92, 71.83, 71.83
9.92, 71.80, 71.80
9.92, 71.80, 71.80
9.92, 71.80, 71.80
9.93, 71.78, 71.78
9.93, 71.78, 71.78
9.93, 71.78, 71.78
9.93, 71.78, 71.78
9.94, 71.78, 71.78
9.94, 71.76, 71.76
9.94, 71.76, 71.76
9.95, 71.76, 71.76
9.95, 71.76, 71.76
9.95, 71.76, 71.76
9.95, 71.74, 71.74
9.96, 71.71, 71.71
9.96, 71.71, 71.71
9.96, 71.71, 71.71
9.96, 71.71, 71.71
9.97, 71.71, 71.71
9.97, 71.71, 71.71
9.97, 71.71, 71.71
9.98, 71.69, 71.69
9.98, 71.69, 71.69
9.98, 71.69, 71.69
9.98, 71.69, 71.69
9.99, 71.69, 71.69
9.99, 71.69, 71.69
9.99, 71.69, 71.69
9.99, 71.69, 71.69
10.00, 71.69, 71.69
10.00, 71.69, 71.69
